desk_id,observed_at,occupied,approximate_duration_minutes,source
1,2026-02-02T08:30,1,30,sample
1,2026-02-02T09:30,1,180,sample
1,2026-02-02T10:30,1,120,sample
1,2026-02-02T11:30,0,,sample
1,2026-02-02T12:30,1,45,sample
1,2026-02-02T13:30,1,90,sample
1,2026-02-02T14:30,0,,sample
1,2026-02-02T15:30,1,180,sample
1,2026-02-02T16:30,1,15,sample
1,2026-02-02T17:30,0,,sample
1,2026-02-03T08:30,1,90,sample
1,2026-02-03T09:30,1,30,sample
1,2026-02-03T10:30,1,60,sample
1,2026-02-03T11:30,1,30,sample
1,2026-02-03T12:30,0,,sample
1,2026-02-03T13:30,1,90,sample
1,2026-02-03T14:30,1,60,sample
1,2026-02-03T15:30,1,120,sample
1,2026-02-03T16:30,1,45,sample
1,2026-02-03T17:30,1,90,sample
1,2026-02-04T08:30,1,30,sample
1,2026-02-04T09:30,1,90,sample
1,2026-02-04T10:30,1,30,sample
1,2026-02-04T11:30,1,45,sample
1,2026-02-04T12:30,1,120,sample
1,2026-02-04T13:30,1,90,sample
1,2026-02-04T14:30,1,60,sample
1,2026-02-04T15:30,1,45,sample
1,2026-02-04T16:30,1,45,sample
1,2026-02-04T17:30,1,45,sample
1,2026-02-05T08:30,0,,sample
1,2026-02-05T09:30,1,60,sample
1,2026-02-05T10:30,1,90,sample
1,2026-02-05T11:30,1,90,sample
1,2026-02-05T12:30,1,60,sample
1,2026-02-05T13:30,0,,sample
1,2026-02-05T14:30,1,60,sample
1,2026-02-05T15:30,1,180,sample
1,2026-02-05T16:30,0,,sample
1,2026-02-05T17:30,0,,sample
1,2026-02-06T08:30,0,,sample
1,2026-02-06T09:30,1,120,sample
1,2026-02-06T10:30,1,180,sample
1,2026-02-06T11:30,1,90,sample
1,2026-02-06T12:30,1,60,sample
1,2026-02-06T13:30,1,45,sample
1,2026-02-06T14:30,0,,sample
1,2026-02-06T15:30,1,90,sample
1,2026-02-06T16:30,1,30,sample
1,2026-02-06T17:30,1,90,sample
1,2026-02-09T08:30,1,180,sample
1,2026-02-09T09:30,1,60,sample
1,2026-02-09T10:30,1,180,sample
1,2026-02-09T11:30,0,,sample
1,2026-02-09T12:30,1,60,sample
1,2026-02-09T13:30,1,45,sample
1,2026-02-09T14:30,0,,sample
1,2026-02-09T15:30,1,45,sample
1,2026-02-09T16:30,0,,sample
1,2026-02-09T17:30,1,45,sample
1,2026-02-10T08:30,1,45,sample
1,2026-02-10T09:30,1,60,sample
1,2026-02-10T10:30,1,60,sample
1,2026-02-10T11:30,1,60,sample
1,2026-02-10T12:30,1,90,sample
1,2026-02-10T13:30,0,,sample
1,2026-02-10T14:30,1,120,sample
1,2026-02-10T15:30,1,30,sample
1,2026-02-10T16:30,1,30,sample
1,2026-02-10T17:30,0,,sample
1,2026-02-11T08:30,1,120,sample
1,2026-02-11T09:30,1,60,sample
1,2026-02-11T10:30,0,,sample
1,2026-02-11T11:30,1,120,sample
1,2026-02-11T12:30,0,,sample
1,2026-02-11T13:30,1,30,sample
1,2026-02-11T14:30,1,45,sample
1,2026-02-11T15:30,1,120,sample
1,2026-02-11T16:30,1,60,sample
1,2026-02-11T17:30,0,,sample
1,2026-02-12T08:30,0,,sample
1,2026-02-12T09:30,0,,sample
1,2026-02-12T10:30,0,,sample
1,2026-02-12T11:30,0,,sample
1,2026-02-12T12:30,0,,sample
1,2026-02-12T13:30,1,180,sample
1,2026-02-12T14:30,0,,sample
1,2026-02-12T15:30,1,120,sample
1,2026-02-12T16:30,0,,sample
1,2026-02-12T17:30,0,,sample
1,2026-02-13T08:30,1,60,sample
1,2026-02-13T09:30,0,,sample
1,2026-02-13T10:30,1,120,sample
1,2026-02-13T11:30,0,,sample
1,2026-02-13T12:30,0,,sample
1,2026-02-13T13:30,0,,sample
1,2026-02-13T14:30,1,60,sample
1,2026-02-13T15:30,1,180,sample
1,2026-02-13T16:30,1,45,sample
1,2026-02-13T17:30,1,45,sample
1,2026-02-16T08:30,1,45,sample
1,2026-02-16T09:30,1,60,sample
1,2026-02-16T10:30,1,120,sample
1,2026-02-16T11:30,1,30,sample
1,2026-02-16T12:30,1,120,sample
1,2026-02-16T13:30,1,45,sample
1,2026-02-16T14:30,1,120,sample
1,2026-02-16T15:30,0,,sample
1,2026-02-16T16:30,1,45,sample
1,2026-02-16T17:30,1,45,sample
1,2026-02-17T08:30,1,30,sample
1,2026-02-17T09:30,0,,sample
1,2026-02-17T10:30,1,60,sample
1,2026-02-17T11:30,0,,sample
1,2026-02-17T12:30,1,60,sample
1,2026-02-17T13:30,0,,sample
1,2026-02-17T14:30,1,180,sample
1,2026-02-17T15:30,1,60,sample
1,2026-02-17T16:30,0,,sample
1,2026-02-17T17:30,0,,sample
1,2026-02-18T08:30,1,60,sample
1,2026-02-18T09:30,1,120,sample
1,2026-02-18T10:30,1,120,sample
1,2026-02-18T11:30,0,,sample
1,2026-02-18T12:30,0,,sample
1,2026-02-18T13:30,0,,sample
1,2026-02-18T14:30,0,,sample
1,2026-02-18T15:30,1,60,sample
1,2026-02-18T16:30,1,45,sample
1,2026-02-18T17:30,1,45,sample
1,2026-02-19T08:30,0,,sample
1,2026-02-19T09:30,0,,sample
1,2026-02-19T10:30,1,45,sample
1,2026-02-19T11:30,1,60,sample
1,2026-02-19T12:30,1,60,sample
1,2026-02-19T13:30,1,120,sample
1,2026-02-19T14:30,1,60,sample
1,2026-02-19T15:30,1,90,sample
1,2026-02-19T16:30,1,45,sample
1,2026-02-19T17:30,0,,sample
1,2026-02-20T08:30,0,,sample
1,2026-02-20T09:30,1,45,sample
1,2026-02-20T10:30,1,90,sample
1,2026-02-20T11:30,1,90,sample
1,2026-02-20T12:30,0,,sample
1,2026-02-20T13:30,1,60,sample
1,2026-02-20T14:30,1,120,sample
1,2026-02-20T15:30,0,,sample
1,2026-02-20T16:30,1,90,sample
1,2026-02-20T17:30,1,30,sample
2,2026-02-02T08:30,0,,sample
2,2026-02-02T09:30,0,,sample
2,2026-02-02T10:30,1,60,sample
2,2026-02-02T11:30,1,120,sample
2,2026-02-02T12:30,0,,sample
2,2026-02-02T13:30,1,60,sample
2,2026-02-02T14:30,1,60,sample
2,2026-02-02T15:30,0,,sample
2,2026-02-02T16:30,0,,sample
2,2026-02-02T17:30,0,,sample
2,2026-02-03T08:30,1,45,sample
2,2026-02-03T09:30,1,180,sample
2,2026-02-03T10:30,1,30,sample
2,2026-02-03T11:30,1,120,sample
2,2026-02-03T12:30,0,,sample
2,2026-02-03T13:30,0,,sample
2,2026-02-03T14:30,1,60,sample
2,2026-02-03T15:30,1,180,sample
2,2026-02-03T16:30,0,,sample
2,2026-02-03T17:30,0,,sample
2,2026-02-04T08:30,0,,sample
2,2026-02-04T09:30,1,120,sample
2,2026-02-04T10:30,1,120,sample
2,2026-02-04T11:30,1,30,sample
2,2026-02-04T12:30,1,60,sample
2,2026-02-04T13:30,0,,sample
2,2026-02-04T14:30,1,180,sample
2,2026-02-04T15:30,1,60,sample
2,2026-02-04T16:30,1,45,sample
2,2026-02-04T17:30,1,90,sample
2,2026-02-05T08:30,0,,sample
2,2026-02-05T09:30,1,60,sample
2,2026-02-05T10:30,1,45,sample
2,2026-02-05T11:30,1,60,sample
2,2026-02-05T12:30,0,,sample
2,2026-02-05T13:30,1,90,sample
2,2026-02-05T14:30,1,120,sample
2,2026-02-05T15:30,1,45,sample
2,2026-02-05T16:30,1,30,sample
2,2026-02-05T17:30,1,90,sample
2,2026-02-06T08:30,0,,sample
2,2026-02-06T09:30,1,120,sample
2,2026-02-06T10:30,1,180,sample
2,2026-02-06T11:30,1,45,sample
2,2026-02-06T12:30,1,120,sample
2,2026-02-06T13:30,0,,sample
2,2026-02-06T14:30,0,,sample
2,2026-02-06T15:30,0,,sample
2,2026-02-06T16:30,1,30,sample
2,2026-02-06T17:30,0,,sample
2,2026-02-09T08:30,0,,sample
2,2026-02-09T09:30,1,30,sample
2,2026-02-09T10:30,1,60,sample
2,2026-02-09T11:30,1,60,sample
2,2026-02-09T12:30,0,,sample
2,2026-02-09T13:30,1,90,sample
2,2026-02-09T14:30,0,,sample
2,2026-02-09T15:30,0,,sample
2,2026-02-09T16:30,1,45,sample
2,2026-02-09T17:30,0,,sample
2,2026-02-10T08:30,1,45,sample
2,2026-02-10T09:30,0,,sample
2,2026-02-10T10:30,1,60,sample
2,2026-02-10T11:30,0,,sample
2,2026-02-10T12:30,1,120,sample
2,2026-02-10T13:30,1,60,sample
2,2026-02-10T14:30,0,,sample
2,2026-02-10T15:30,0,,sample
2,2026-02-10T16:30,1,90,sample
2,2026-02-10T17:30,1,30,sample
2,2026-02-11T08:30,1,60,sample
2,2026-02-11T09:30,0,,sample
2,2026-02-11T10:30,0,,sample
2,2026-02-11T11:30,1,120,sample
2,2026-02-11T12:30,0,,sample
2,2026-02-11T13:30,1,90,sample
2,2026-02-11T14:30,1,45,sample
2,2026-02-11T15:30,0,,sample
2,2026-02-11T16:30,1,30,sample
2,2026-02-11T17:30,0,,sample
2,2026-02-12T08:30,0,,sample
2,2026-02-12T09:30,1,60,sample
2,2026-02-12T10:30,1,90,sample
2,2026-02-12T11:30,1,60,sample
2,2026-02-12T12:30,1,30,sample
2,2026-02-12T13:30,0,,sample
2,2026-02-12T14:30,1,120,sample
2,2026-02-12T15:30,1,60,sample
2,2026-02-12T16:30,0,,sample
2,2026-02-12T17:30,1,30,sample
2,2026-02-13T08:30,1,45,sample
2,2026-02-13T09:30,1,60,sample
2,2026-02-13T10:30,0,,sample
2,2026-02-13T11:30,0,,sample
2,2026-02-13T12:30,0,,sample
2,2026-02-13T13:30,1,60,sample
2,2026-02-13T14:30,1,60,sample
2,2026-02-13T15:30,0,,sample
2,2026-02-13T16:30,0,,sample
2,2026-02-13T17:30,0,,sample
2,2026-02-16T08:30,0,,sample
2,2026-02-16T09:30,0,,sample
2,2026-02-16T10:30,1,30,sample
2,2026-02-16T11:30,1,120,sample
2,2026-02-16T12:30,0,,sample
2,2026-02-16T13:30,0,,sample
2,2026-02-16T14:30,1,120,sample
2,2026-02-16T15:30,0,,sample
2,2026-02-16T16:30,0,,sample
2,2026-02-16T17:30,0,,sample
2,2026-02-17T08:30,1,120,sample
2,2026-02-17T09:30,1,60,sample
2,2026-02-17T10:30,1,120,sample
2,2026-02-17T11:30,1,60,sample
2,2026-02-17T12:30,0,,sample
2,2026-02-17T13:30,1,60,sample
2,2026-02-17T14:30,1,120,sample
2,2026-02-17T15:30,0,,sample
2,2026-02-17T16:30,1,90,sample
2,2026-02-17T17:30,0,,sample
2,2026-02-18T08:30,1,30,sample
2,2026-02-18T09:30,1,60,sample
2,2026-02-18T10:30,1,45,sample
2,2026-02-18T11:30,1,180,sample
2,2026-02-18T12:30,1,60,sample
2,2026-02-18T13:30,1,90,sample
2,2026-02-18T14:30,0,,sample
2,2026-02-18T15:30,1,60,sample
2,2026-02-18T16:30,1,30,sample
2,2026-02-18T17:30,0,,sample
2,2026-02-19T08:30,0,,sample
2,2026-02-19T09:30,1,60,sample
2,2026-02-19T10:30,0,,sample
2,2026-02-19T11:30,1,30,sample
2,2026-02-19T12:30,0,,sample
2,2026-02-19T13:30,0,,sample
2,2026-02-19T14:30,0,,sample
2,2026-02-19T15:30,0,,sample
2,2026-02-19T16:30,0,,sample
2,2026-02-19T17:30,0,,sample
2,2026-02-20T08:30,0,,sample
2,2026-02-20T09:30,1,90,sample
2,2026-02-20T10:30,1,180,sample
2,2026-02-20T11:30,1,120,sample
2,2026-02-20T12:30,0,,sample
2,2026-02-20T13:30,1,60,sample
2,2026-02-20T14:30,1,45,sample
2,2026-02-20T15:30,0,,sample
2,2026-02-20T16:30,1,90,sample
2,2026-02-20T17:30,0,,sample
3,2026-02-02T08:30,0,,sample
3,2026-02-02T09:30,1,60,sample
3,2026-02-02T10:30,0,,sample
3,2026-02-02T11:30,1,60,sample
3,2026-02-02T12:30,0,,sample
3,2026-02-02T13:30,1,180,sample
3,2026-02-02T14:30,1,45,sample
3,2026-02-02T15:30,1,60,sample
3,2026-02-02T16:30,0,,sample
3,2026-02-02T17:30,1,15,sample
3,2026-02-03T08:30,0,,sample
3,2026-02-03T09:30,0,,sample
3,2026-02-03T10:30,1,60,sample
3,2026-02-03T11:30,0,,sample
3,2026-02-03T12:30,1,90,sample
3,2026-02-03T13:30,1,60,sample
3,2026-02-03T14:30,1,90,sample
3,2026-02-03T15:30,1,45,sample
3,2026-02-03T16:30,0,,sample
3,2026-02-03T17:30,1,30,sample
3,2026-02-04T08:30,1,45,sample
3,2026-02-04T09:30,0,,sample
3,2026-02-04T10:30,1,30,sample
3,2026-02-04T11:30,1,120,sample
3,2026-02-04T12:30,1,120,sample
3,2026-02-04T13:30,1,30,sample
3,2026-02-04T14:30,1,120,sample
3,2026-02-04T15:30,1,45,sample
3,2026-02-04T16:30,1,60,sample
3,2026-02-04T17:30,0,,sample
3,2026-02-05T08:30,1,60,sample
3,2026-02-05T09:30,1,180,sample
3,2026-02-05T10:30,1,60,sample
3,2026-02-05T11:30,1,180,sample
3,2026-02-05T12:30,1,180,sample
3,2026-02-05T13:30,0,,sample
3,2026-02-05T14:30,0,,sample
3,2026-02-05T15:30,1,30,sample
3,2026-02-05T16:30,1,60,sample
3,2026-02-05T17:30,0,,sample
3,2026-02-06T08:30,0,,sample
3,2026-02-06T09:30,0,,sample
3,2026-02-06T10:30,0,,sample
3,2026-02-06T11:30,0,,sample
3,2026-02-06T12:30,0,,sample
3,2026-02-06T13:30,0,,sample
3,2026-02-06T14:30,1,30,sample
3,2026-02-06T15:30,0,,sample
3,2026-02-06T16:30,0,,sample
3,2026-02-06T17:30,0,,sample
3,2026-02-09T08:30,0,,sample
3,2026-02-09T09:30,0,,sample
3,2026-02-09T10:30,1,120,sample
3,2026-02-09T11:30,0,,sample
3,2026-02-09T12:30,0,,sample
3,2026-02-09T13:30,1,90,sample
3,2026-02-09T14:30,1,120,sample
3,2026-02-09T15:30,1,90,sample
3,2026-02-09T16:30,1,30,sample
3,2026-02-09T17:30,0,,sample
3,2026-02-10T08:30,0,,sample
3,2026-02-10T09:30,0,,sample
3,2026-02-10T10:30,1,90,sample
3,2026-02-10T11:30,1,120,sample
3,2026-02-10T12:30,0,,sample
3,2026-02-10T13:30,0,,sample
3,2026-02-10T14:30,1,120,sample
3,2026-02-10T15:30,0,,sample
3,2026-02-10T16:30,0,,sample
3,2026-02-10T17:30,0,,sample
3,2026-02-11T08:30,1,180,sample
3,2026-02-11T09:30,0,,sample
3,2026-02-11T10:30,1,60,sample
3,2026-02-11T11:30,1,60,sample
3,2026-02-11T12:30,0,,sample
3,2026-02-11T13:30,1,180,sample
3,2026-02-11T14:30,0,,sample
3,2026-02-11T15:30,1,60,sample
3,2026-02-11T16:30,0,,sample
3,2026-02-11T17:30,0,,sample
3,2026-02-12T08:30,1,30,sample
3,2026-02-12T09:30,0,,sample
3,2026-02-12T10:30,1,120,sample
3,2026-02-12T11:30,1,45,sample
3,2026-02-12T12:30,1,45,sample
3,2026-02-12T13:30,0,,sample
3,2026-02-12T14:30,0,,sample
3,2026-02-12T15:30,1,120,sample
3,2026-02-12T16:30,1,45,sample
3,2026-02-12T17:30,0,,sample
3,2026-02-13T08:30,1,60,sample
3,2026-02-13T09:30,0,,sample
3,2026-02-13T10:30,0,,sample
3,2026-02-13T11:30,0,,sample
3,2026-02-13T12:30,1,30,sample
3,2026-02-13T13:30,0,,sample
3,2026-02-13T14:30,0,,sample
3,2026-02-13T15:30,1,45,sample
3,2026-02-13T16:30,1,30,sample
3,2026-02-13T17:30,1,30,sample
3,2026-02-16T08:30,1,45,sample
3,2026-02-16T09:30,0,,sample
3,2026-02-16T10:30,0,,sample
3,2026-02-16T11:30,0,,sample
3,2026-02-16T12:30,1,30,sample
3,2026-02-16T13:30,1,120,sample
3,2026-02-16T14:30,1,120,sample
3,2026-02-16T15:30,1,180,sample
3,2026-02-16T16:30,0,,sample
3,2026-02-16T17:30,1,45,sample
3,2026-02-17T08:30,0,,sample
3,2026-02-17T09:30,1,120,sample
3,2026-02-17T10:30,1,45,sample
3,2026-02-17T11:30,1,60,sample
3,2026-02-17T12:30,0,,sample
3,2026-02-17T13:30,1,90,sample
3,2026-02-17T14:30,1,60,sample
3,2026-02-17T15:30,1,60,sample
3,2026-02-17T16:30,1,30,sample
3,2026-02-17T17:30,0,,sample
3,2026-02-18T08:30,1,90,sample
3,2026-02-18T09:30,1,120,sample
3,2026-02-18T10:30,0,,sample
3,2026-02-18T11:30,1,120,sample
3,2026-02-18T12:30,0,,sample
3,2026-02-18T13:30,0,,sample
3,2026-02-18T14:30,1,45,sample
3,2026-02-18T15:30,1,180,sample
3,2026-02-18T16:30,1,90,sample
3,2026-02-18T17:30,1,60,sample
3,2026-02-19T08:30,1,45,sample
3,2026-02-19T09:30,0,,sample
3,2026-02-19T10:30,1,60,sample
3,2026-02-19T11:30,0,,sample
3,2026-02-19T12:30,1,180,sample
3,2026-02-19T13:30,1,45,sample
3,2026-02-19T14:30,1,60,sample
3,2026-02-19T15:30,0,,sample
3,2026-02-19T16:30,0,,sample
3,2026-02-19T17:30,1,15,sample
3,2026-02-20T08:30,1,120,sample
3,2026-02-20T09:30,0,,sample
3,2026-02-20T10:30,1,120,sample
3,2026-02-20T11:30,1,180,sample
3,2026-02-20T12:30,0,,sample
3,2026-02-20T13:30,1,90,sample
3,2026-02-20T14:30,0,,sample
3,2026-02-20T15:30,1,120,sample
3,2026-02-20T16:30,0,,sample
3,2026-02-20T17:30,1,45,sample
4,2026-02-02T08:30,1,30,sample
4,2026-02-02T09:30,1,180,sample
4,2026-02-02T10:30,1,45,sample
4,2026-02-02T11:30,1,120,sample
4,2026-02-02T12:30,1,45,sample
4,2026-02-02T13:30,1,45,sample
4,2026-02-02T14:30,0,,sample
4,2026-02-02T15:30,1,60,sample
4,2026-02-02T16:30,1,15,sample
4,2026-02-02T17:30,1,15,sample
4,2026-02-03T08:30,0,,sample
4,2026-02-03T09:30,1,120,sample
4,2026-02-03T10:30,0,,sample
4,2026-02-03T11:30,1,180,sample
4,2026-02-03T12:30,1,30,sample
4,2026-02-03T13:30,1,45,sample
4,2026-02-03T14:30,1,60,sample
4,2026-02-03T15:30,1,30,sample
4,2026-02-03T16:30,1,45,sample
4,2026-02-03T17:30,1,45,sample
4,2026-02-04T08:30,1,60,sample
4,2026-02-04T09:30,1,60,sample
4,2026-02-04T10:30,1,60,sample
4,2026-02-04T11:30,1,90,sample
4,2026-02-04T12:30,1,60,sample
4,2026-02-04T13:30,0,,sample
4,2026-02-04T14:30,1,60,sample
4,2026-02-04T15:30,0,,sample
4,2026-02-04T16:30,1,30,sample
4,2026-02-04T17:30,1,60,sample
4,2026-02-05T08:30,1,60,sample
4,2026-02-05T09:30,0,,sample
4,2026-02-05T10:30,1,45,sample
4,2026-02-05T11:30,1,30,sample
4,2026-02-05T12:30,0,,sample
4,2026-02-05T13:30,0,,sample
4,2026-02-05T14:30,1,180,sample
4,2026-02-05T15:30,0,,sample
4,2026-02-05T16:30,0,,sample
4,2026-02-05T17:30,1,30,sample
4,2026-02-06T08:30,0,,sample
4,2026-02-06T09:30,0,,sample
4,2026-02-06T10:30,1,120,sample
4,2026-02-06T11:30,1,60,sample
4,2026-02-06T12:30,1,120,sample
4,2026-02-06T13:30,1,180,sample
4,2026-02-06T14:30,0,,sample
4,2026-02-06T15:30,1,30,sample
4,2026-02-06T16:30,1,30,sample
4,2026-02-06T17:30,1,45,sample
4,2026-02-09T08:30,0,,sample
4,2026-02-09T09:30,1,45,sample
4,2026-02-09T10:30,0,,sample
4,2026-02-09T11:30,1,30,sample
4,2026-02-09T12:30,1,120,sample
4,2026-02-09T13:30,0,,sample
4,2026-02-09T14:30,1,120,sample
4,2026-02-09T15:30,1,180,sample
4,2026-02-09T16:30,0,,sample
4,2026-02-09T17:30,1,15,sample
4,2026-02-10T08:30,0,,sample
4,2026-02-10T09:30,1,120,sample
4,2026-02-10T10:30,1,120,sample
4,2026-02-10T11:30,1,90,sample
4,2026-02-10T12:30,1,60,sample
4,2026-02-10T13:30,0,,sample
4,2026-02-10T14:30,1,60,sample
4,2026-02-10T15:30,1,180,sample
4,2026-02-10T16:30,0,,sample
4,2026-02-10T17:30,1,30,sample
4,2026-02-11T08:30,1,60,sample
4,2026-02-11T09:30,1,30,sample
4,2026-02-11T10:30,1,60,sample
4,2026-02-11T11:30,1,30,sample
4,2026-02-11T12:30,0,,sample
4,2026-02-11T13:30,1,45,sample
4,2026-02-11T14:30,1,60,sample
4,2026-02-11T15:30,1,180,sample
4,2026-02-11T16:30,1,60,sample
4,2026-02-11T17:30,1,15,sample
4,2026-02-12T08:30,0,,sample
4,2026-02-12T09:30,0,,sample
4,2026-02-12T10:30,1,180,sample
4,2026-02-12T11:30,1,90,sample
4,2026-02-12T12:30,1,30,sample
4,2026-02-12T13:30,1,180,sample
4,2026-02-12T14:30,1,180,sample
4,2026-02-12T15:30,1,120,sample
4,2026-02-12T16:30,1,30,sample
4,2026-02-12T17:30,1,60,sample
4,2026-02-13T08:30,1,45,sample
4,2026-02-13T09:30,0,,sample
4,2026-02-13T10:30,1,30,sample
4,2026-02-13T11:30,1,90,sample
4,2026-02-13T12:30,1,120,sample
4,2026-02-13T13:30,1,60,sample
4,2026-02-13T14:30,1,30,sample
4,2026-02-13T15:30,0,,sample
4,2026-02-13T16:30,0,,sample
4,2026-02-13T17:30,1,45,sample
4,2026-02-16T08:30,0,,sample
4,2026-02-16T09:30,1,180,sample
4,2026-02-16T10:30,0,,sample
4,2026-02-16T11:30,1,180,sample
4,2026-02-16T12:30,0,,sample
4,2026-02-16T13:30,1,90,sample
4,2026-02-16T14:30,0,,sample
4,2026-02-16T15:30,1,30,sample
4,2026-02-16T16:30,1,60,sample
4,2026-02-16T17:30,0,,sample
4,2026-02-17T08:30,1,90,sample
4,2026-02-17T09:30,1,180,sample
4,2026-02-17T10:30,1,120,sample
4,2026-02-17T11:30,1,90,sample
4,2026-02-17T12:30,1,60,sample
4,2026-02-17T13:30,1,45,sample
4,2026-02-17T14:30,1,180,sample
4,2026-02-17T15:30,1,30,sample
4,2026-02-17T16:30,0,,sample
4,2026-02-17T17:30,0,,sample
4,2026-02-18T08:30,1,120,sample
4,2026-02-18T09:30,1,45,sample
4,2026-02-18T10:30,1,180,sample
4,2026-02-18T11:30,1,30,sample
4,2026-02-18T12:30,0,,sample
4,2026-02-18T13:30,1,120,sample
4,2026-02-18T14:30,1,30,sample
4,2026-02-18T15:30,1,120,sample
4,2026-02-18T16:30,1,15,sample
4,2026-02-18T17:30,0,,sample
4,2026-02-19T08:30,1,30,sample
4,2026-02-19T09:30,0,,sample
4,2026-02-19T10:30,0,,sample
4,2026-02-19T11:30,1,45,sample
4,2026-02-19T12:30,0,,sample
4,2026-02-19T13:30,1,180,sample
4,2026-02-19T14:30,1,60,sample
4,2026-02-19T15:30,1,120,sample
4,2026-02-19T16:30,1,60,sample
4,2026-02-19T17:30,0,,sample
4,2026-02-20T08:30,0,,sample
4,2026-02-20T09:30,1,90,sample
4,2026-02-20T10:30,1,60,sample
4,2026-02-20T11:30,0,,sample
4,2026-02-20T12:30,1,60,sample
4,2026-02-20T13:30,1,60,sample
4,2026-02-20T14:30,1,60,sample
4,2026-02-20T15:30,0,,sample
4,2026-02-20T16:30,0,,sample
4,2026-02-20T17:30,0,,sample
5,2026-02-02T08:30,0,,sample
5,2026-02-02T09:30,0,,sample
5,2026-02-02T10:30,1,45,sample
5,2026-02-02T11:30,1,90,sample
5,2026-02-02T12:30,0,,sample
5,2026-02-02T13:30,0,,sample
5,2026-02-02T14:30,1,120,sample
5,2026-02-02T15:30,1,60,sample
5,2026-02-02T16:30,1,30,sample
5,2026-02-02T17:30,0,,sample
5,2026-02-03T08:30,1,120,sample
5,2026-02-03T09:30,0,,sample
5,2026-02-03T10:30,1,45,sample
5,2026-02-03T11:30,1,45,sample
5,2026-02-03T12:30,1,90,sample
5,2026-02-03T13:30,1,180,sample
5,2026-02-03T14:30,1,60,sample
5,2026-02-03T15:30,1,90,sample
5,2026-02-03T16:30,0,,sample
5,2026-02-03T17:30,0,,sample
5,2026-02-04T08:30,0,,sample
5,2026-02-04T09:30,0,,sample
5,2026-02-04T10:30,0,,sample
5,2026-02-04T11:30,1,60,sample
5,2026-02-04T12:30,1,60,sample
5,2026-02-04T13:30,1,60,sample
5,2026-02-04T14:30,1,180,sample
5,2026-02-04T15:30,1,120,sample
5,2026-02-04T16:30,1,90,sample
5,2026-02-04T17:30,1,60,sample
5,2026-02-05T08:30,1,90,sample
5,2026-02-05T09:30,1,90,sample
5,2026-02-05T10:30,1,180,sample
5,2026-02-05T11:30,1,120,sample
5,2026-02-05T12:30,0,,sample
5,2026-02-05T13:30,1,90,sample
5,2026-02-05T14:30,1,120,sample
5,2026-02-05T15:30,0,,sample
5,2026-02-05T16:30,0,,sample
5,2026-02-05T17:30,0,,sample
5,2026-02-06T08:30,0,,sample
5,2026-02-06T09:30,1,180,sample
5,2026-02-06T10:30,1,120,sample
5,2026-02-06T11:30,0,,sample
5,2026-02-06T12:30,1,120,sample
5,2026-02-06T13:30,0,,sample
5,2026-02-06T14:30,1,30,sample
5,2026-02-06T15:30,1,180,sample
5,2026-02-06T16:30,0,,sample
5,2026-02-06T17:30,0,,sample
5,2026-02-09T08:30,0,,sample
5,2026-02-09T09:30,1,180,sample
5,2026-02-09T10:30,1,180,sample
5,2026-02-09T11:30,1,45,sample
5,2026-02-09T12:30,0,,sample
5,2026-02-09T13:30,0,,sample
5,2026-02-09T14:30,0,,sample
5,2026-02-09T15:30,1,60,sample
5,2026-02-09T16:30,0,,sample
5,2026-02-09T17:30,1,30,sample
5,2026-02-10T08:30,0,,sample
5,2026-02-10T09:30,0,,sample
5,2026-02-10T10:30,1,120,sample
5,2026-02-10T11:30,1,120,sample
5,2026-02-10T12:30,0,,sample
5,2026-02-10T13:30,1,30,sample
5,2026-02-10T14:30,1,120,sample
5,2026-02-10T15:30,1,30,sample
5,2026-02-10T16:30,1,90,sample
5,2026-02-10T17:30,0,,sample
5,2026-02-11T08:30,0,,sample
5,2026-02-11T09:30,1,120,sample
5,2026-02-11T10:30,1,120,sample
5,2026-02-11T11:30,1,180,sample
5,2026-02-11T12:30,1,120,sample
5,2026-02-11T13:30,1,45,sample
5,2026-02-11T14:30,1,45,sample
5,2026-02-11T15:30,1,90,sample
5,2026-02-11T16:30,1,45,sample
5,2026-02-11T17:30,0,,sample
5,2026-02-12T08:30,0,,sample
5,2026-02-12T09:30,1,120,sample
5,2026-02-12T10:30,1,120,sample
5,2026-02-12T11:30,0,,sample
5,2026-02-12T12:30,0,,sample
5,2026-02-12T13:30,0,,sample
5,2026-02-12T14:30,1,60,sample
5,2026-02-12T15:30,1,45,sample
5,2026-02-12T16:30,1,90,sample
5,2026-02-12T17:30,0,,sample
5,2026-02-13T08:30,0,,sample
5,2026-02-13T09:30,1,120,sample
5,2026-02-13T10:30,1,90,sample
5,2026-02-13T11:30,0,,sample
5,2026-02-13T12:30,0,,sample
5,2026-02-13T13:30,0,,sample
5,2026-02-13T14:30,1,60,sample
5,2026-02-13T15:30,0,,sample
5,2026-02-13T16:30,0,,sample
5,2026-02-13T17:30,0,,sample
5,2026-02-16T08:30,1,30,sample
5,2026-02-16T09:30,1,30,sample
5,2026-02-16T10:30,0,,sample
5,2026-02-16T11:30,1,90,sample
5,2026-02-16T12:30,0,,sample
5,2026-02-16T13:30,1,90,sample
5,2026-02-16T14:30,1,90,sample
5,2026-02-16T15:30,0,,sample
5,2026-02-16T16:30,1,30,sample
5,2026-02-16T17:30,0,,sample
5,2026-02-17T08:30,1,90,sample
5,2026-02-17T09:30,1,90,sample
5,2026-02-17T10:30,1,30,sample
5,2026-02-17T11:30,1,180,sample
5,2026-02-17T12:30,1,180,sample
5,2026-02-17T13:30,1,45,sample
5,2026-02-17T14:30,1,90,sample
5,2026-02-17T15:30,0,,sample
5,2026-02-17T16:30,1,45,sample
5,2026-02-17T17:30,1,60,sample
5,2026-02-18T08:30,0,,sample
5,2026-02-18T09:30,1,90,sample
5,2026-02-18T10:30,1,45,sample
5,2026-02-18T11:30,1,90,sample
5,2026-02-18T12:30,0,,sample
5,2026-02-18T13:30,1,180,sample
5,2026-02-18T14:30,1,90,sample
5,2026-02-18T15:30,0,,sample
5,2026-02-18T16:30,1,90,sample
5,2026-02-18T17:30,1,60,sample
5,2026-02-19T08:30,0,,sample
5,2026-02-19T09:30,1,120,sample
5,2026-02-19T10:30,0,,sample
5,2026-02-19T11:30,1,180,sample
5,2026-02-19T12:30,0,,sample
5,2026-02-19T13:30,1,180,sample
5,2026-02-19T14:30,1,60,sample
5,2026-02-19T15:30,1,60,sample
5,2026-02-19T16:30,1,45,sample
5,2026-02-19T17:30,1,30,sample
5,2026-02-20T08:30,1,120,sample
5,2026-02-20T09:30,1,60,sample
5,2026-02-20T10:30,1,120,sample
5,2026-02-20T11:30,0,,sample
5,2026-02-20T12:30,0,,sample
5,2026-02-20T13:30,1,180,sample
5,2026-02-20T14:30,1,60,sample
5,2026-02-20T15:30,1,45,sample
5,2026-02-20T16:30,0,,sample
5,2026-02-20T17:30,1,45,sample
6,2026-02-02T08:30,1,120,sample
6,2026-02-02T09:30,1,45,sample
6,2026-02-02T10:30,1,60,sample
6,2026-02-02T11:30,1,60,sample
6,2026-02-02T12:30,1,30,sample
6,2026-02-02T13:30,1,45,sample
6,2026-02-02T14:30,0,,sample
6,2026-02-02T15:30,1,120,sample
6,2026-02-02T16:30,0,,sample
6,2026-02-02T17:30,0,,sample
6,2026-02-03T08:30,1,45,sample
6,2026-02-03T09:30,0,,sample
6,2026-02-03T10:30,0,,sample
6,2026-02-03T11:30,1,45,sample
6,2026-02-03T12:30,0,,sample
6,2026-02-03T13:30,1,60,sample
6,2026-02-03T14:30,1,60,sample
6,2026-02-03T15:30,1,30,sample
6,2026-02-03T16:30,1,30,sample
6,2026-02-03T17:30,0,,sample
6,2026-02-04T08:30,0,,sample
6,2026-02-04T09:30,1,45,sample
6,2026-02-04T10:30,1,45,sample
6,2026-02-04T11:30,1,30,sample
6,2026-02-04T12:30,0,,sample
6,2026-02-04T13:30,1,30,sample
6,2026-02-04T14:30,1,30,sample
6,2026-02-04T15:30,1,45,sample
6,2026-02-04T16:30,1,45,sample
6,2026-02-04T17:30,0,,sample
6,2026-02-05T08:30,0,,sample
6,2026-02-05T09:30,1,60,sample
6,2026-02-05T10:30,1,120,sample
6,2026-02-05T11:30,1,45,sample
6,2026-02-05T12:30,0,,sample
6,2026-02-05T13:30,1,60,sample
6,2026-02-05T14:30,1,180,sample
6,2026-02-05T15:30,1,90,sample
6,2026-02-05T16:30,0,,sample
6,2026-02-05T17:30,0,,sample
6,2026-02-06T08:30,0,,sample
6,2026-02-06T09:30,0,,sample
6,2026-02-06T10:30,1,45,sample
6,2026-02-06T11:30,1,90,sample
6,2026-02-06T12:30,0,,sample
6,2026-02-06T13:30,1,180,sample
6,2026-02-06T14:30,1,60,sample
6,2026-02-06T15:30,1,120,sample
6,2026-02-06T16:30,1,15,sample
6,2026-02-06T17:30,1,30,sample
6,2026-02-09T08:30,1,120,sample
6,2026-02-09T09:30,0,,sample
6,2026-02-09T10:30,0,,sample
6,2026-02-09T11:30,1,120,sample
6,2026-02-09T12:30,0,,sample
6,2026-02-09T13:30,1,60,sample
6,2026-02-09T14:30,0,,sample
6,2026-02-09T15:30,1,45,sample
6,2026-02-09T16:30,1,15,sample
6,2026-02-09T17:30,0,,sample
6,2026-02-10T08:30,0,,sample
6,2026-02-10T09:30,1,90,sample
6,2026-02-10T10:30,1,60,sample
6,2026-02-10T11:30,0,,sample
6,2026-02-10T12:30,0,,sample
6,2026-02-10T13:30,0,,sample
6,2026-02-10T14:30,0,,sample
6,2026-02-10T15:30,1,60,sample
6,2026-02-10T16:30,0,,sample
6,2026-02-10T17:30,1,45,sample
6,2026-02-11T08:30,0,,sample
6,2026-02-11T09:30,1,60,sample
6,2026-02-11T10:30,1,180,sample
6,2026-02-11T11:30,0,,sample
6,2026-02-11T12:30,0,,sample
6,2026-02-11T13:30,1,180,sample
6,2026-02-11T14:30,1,120,sample
6,2026-02-11T15:30,1,120,sample
6,2026-02-11T16:30,1,90,sample
6,2026-02-11T17:30,0,,sample
6,2026-02-12T08:30,1,180,sample
6,2026-02-12T09:30,1,120,sample
6,2026-02-12T10:30,1,60,sample
6,2026-02-12T11:30,1,45,sample
6,2026-02-12T12:30,0,,sample
6,2026-02-12T13:30,1,120,sample
6,2026-02-12T14:30,1,30,sample
6,2026-02-12T15:30,0,,sample
6,2026-02-12T16:30,1,30,sample
6,2026-02-12T17:30,1,15,sample
6,2026-02-13T08:30,1,60,sample
6,2026-02-13T09:30,0,,sample
6,2026-02-13T10:30,1,60,sample
6,2026-02-13T11:30,1,60,sample
6,2026-02-13T12:30,0,,sample
6,2026-02-13T13:30,1,180,sample
6,2026-02-13T14:30,1,30,sample
6,2026-02-13T15:30,0,,sample
6,2026-02-13T16:30,0,,sample
6,2026-02-13T17:30,0,,sample
6,2026-02-16T08:30,1,180,sample
6,2026-02-16T09:30,1,120,sample
6,2026-02-16T10:30,1,45,sample
6,2026-02-16T11:30,1,60,sample
6,2026-02-16T12:30,1,60,sample
6,2026-02-16T13:30,0,,sample
6,2026-02-16T14:30,1,60,sample
6,2026-02-16T15:30,1,120,sample
6,2026-02-16T16:30,0,,sample
6,2026-02-16T17:30,1,30,sample
6,2026-02-17T08:30,0,,sample
6,2026-02-17T09:30,1,45,sample
6,2026-02-17T10:30,1,60,sample
6,2026-02-17T11:30,1,180,sample
6,2026-02-17T12:30,1,120,sample
6,2026-02-17T13:30,1,90,sample
6,2026-02-17T14:30,1,120,sample
6,2026-02-17T15:30,0,,sample
6,2026-02-17T16:30,1,60,sample
6,2026-02-17T17:30,0,,sample
6,2026-02-18T08:30,0,,sample
6,2026-02-18T09:30,0,,sample
6,2026-02-18T10:30,1,180,sample
6,2026-02-18T11:30,1,45,sample
6,2026-02-18T12:30,1,30,sample
6,2026-02-18T13:30,1,120,sample
6,2026-02-18T14:30,1,60,sample
6,2026-02-18T15:30,1,45,sample
6,2026-02-18T16:30,1,90,sample
6,2026-02-18T17:30,1,45,sample
6,2026-02-19T08:30,0,,sample
6,2026-02-19T09:30,0,,sample
6,2026-02-19T10:30,0,,sample
6,2026-02-19T11:30,1,120,sample
6,2026-02-19T12:30,1,120,sample
6,2026-02-19T13:30,1,90,sample
6,2026-02-19T14:30,1,180,sample
6,2026-02-19T15:30,1,180,sample
6,2026-02-19T16:30,0,,sample
6,2026-02-19T17:30,0,,sample
6,2026-02-20T08:30,0,,sample
6,2026-02-20T09:30,0,,sample
6,2026-02-20T10:30,1,60,sample
6,2026-02-20T11:30,1,120,sample
6,2026-02-20T12:30,0,,sample
6,2026-02-20T13:30,1,60,sample
6,2026-02-20T14:30,0,,sample
6,2026-02-20T15:30,0,,sample
6,2026-02-20T16:30,0,,sample
6,2026-02-20T17:30,1,30,sample
7,2026-02-02T08:30,0,,sample
7,2026-02-02T09:30,1,180,sample
7,2026-02-02T10:30,1,30,sample
7,2026-02-02T11:30,1,120,sample
7,2026-02-02T12:30,1,120,sample
7,2026-02-02T13:30,0,,sample
7,2026-02-02T14:30,0,,sample
7,2026-02-02T15:30,0,,sample
7,2026-02-02T16:30,0,,sample
7,2026-02-02T17:30,0,,sample
7,2026-02-03T08:30,1,180,sample
7,2026-02-03T09:30,1,60,sample
7,2026-02-03T10:30,1,60,sample
7,2026-02-03T11:30,1,60,sample
7,2026-02-03T12:30,0,,sample
7,2026-02-03T13:30,1,120,sample
7,2026-02-03T14:30,0,,sample
7,2026-02-03T15:30,0,,sample
7,2026-02-03T16:30,0,,sample
7,2026-02-03T17:30,0,,sample
7,2026-02-04T08:30,1,180,sample
7,2026-02-04T09:30,0,,sample
7,2026-02-04T10:30,1,120,sample
7,2026-02-04T11:30,0,,sample
7,2026-02-04T12:30,1,60,sample
7,2026-02-04T13:30,0,,sample
7,2026-02-04T14:30,1,60,sample
7,2026-02-04T15:30,1,60,sample
7,2026-02-04T16:30,0,,sample
7,2026-02-04T17:30,0,,sample
7,2026-02-05T08:30,0,,sample
7,2026-02-05T09:30,0,,sample
7,2026-02-05T10:30,1,45,sample
7,2026-02-05T11:30,0,,sample
7,2026-02-05T12:30,0,,sample
7,2026-02-05T13:30,1,120,sample
7,2026-02-05T14:30,0,,sample
7,2026-02-05T15:30,1,60,sample
7,2026-02-05T16:30,1,90,sample
7,2026-02-05T17:30,1,90,sample
7,2026-02-06T08:30,1,45,sample
7,2026-02-06T09:30,0,,sample
7,2026-02-06T10:30,1,60,sample
7,2026-02-06T11:30,1,120,sample
7,2026-02-06T12:30,1,120,sample
7,2026-02-06T13:30,1,90,sample
7,2026-02-06T14:30,0,,sample
7,2026-02-06T15:30,1,60,sample
7,2026-02-06T16:30,1,45,sample
7,2026-02-06T17:30,1,45,sample
7,2026-02-09T08:30,1,30,sample
7,2026-02-09T09:30,1,60,sample
7,2026-02-09T10:30,1,180,sample
7,2026-02-09T11:30,1,60,sample
7,2026-02-09T12:30,0,,sample
7,2026-02-09T13:30,1,30,sample
7,2026-02-09T14:30,1,45,sample
7,2026-02-09T15:30,0,,sample
7,2026-02-09T16:30,0,,sample
7,2026-02-09T17:30,0,,sample
7,2026-02-10T08:30,1,180,sample
7,2026-02-10T09:30,1,45,sample
7,2026-02-10T10:30,0,,sample
7,2026-02-10T11:30,1,90,sample
7,2026-02-10T12:30,1,60,sample
7,2026-02-10T13:30,1,180,sample
7,2026-02-10T14:30,1,180,sample
7,2026-02-10T15:30,1,120,sample
7,2026-02-10T16:30,0,,sample
7,2026-02-10T17:30,0,,sample
7,2026-02-11T08:30,1,30,sample
7,2026-02-11T09:30,0,,sample
7,2026-02-11T10:30,0,,sample
7,2026-02-11T11:30,0,,sample
7,2026-02-11T12:30,0,,sample
7,2026-02-11T13:30,0,,sample
7,2026-02-11T14:30,0,,sample
7,2026-02-11T15:30,1,60,sample
7,2026-02-11T16:30,0,,sample
7,2026-02-11T17:30,0,,sample
7,2026-02-12T08:30,0,,sample
7,2026-02-12T09:30,1,180,sample
7,2026-02-12T10:30,1,60,sample
7,2026-02-12T11:30,0,,sample
7,2026-02-12T12:30,0,,sample
7,2026-02-12T13:30,0,,sample
7,2026-02-12T14:30,0,,sample
7,2026-02-12T15:30,0,,sample
7,2026-02-12T16:30,0,,sample
7,2026-02-12T17:30,0,,sample
7,2026-02-13T08:30,0,,sample
7,2026-02-13T09:30,0,,sample
7,2026-02-13T10:30,0,,sample
7,2026-02-13T11:30,1,120,sample
7,2026-02-13T12:30,0,,sample
7,2026-02-13T13:30,0,,sample
7,2026-02-13T14:30,0,,sample
7,2026-02-13T15:30,0,,sample
7,2026-02-13T16:30,0,,sample
7,2026-02-13T17:30,0,,sample
7,2026-02-16T08:30,0,,sample
7,2026-02-16T09:30,1,30,sample
7,2026-02-16T10:30,0,,sample
7,2026-02-16T11:30,1,60,sample
7,2026-02-16T12:30,0,,sample
7,2026-02-16T13:30,0,,sample
7,2026-02-16T14:30,1,60,sample
7,2026-02-16T15:30,1,120,sample
7,2026-02-16T16:30,1,30,sample
7,2026-02-16T17:30,1,30,sample
7,2026-02-17T08:30,1,120,sample
7,2026-02-17T09:30,0,,sample
7,2026-02-17T10:30,1,45,sample
7,2026-02-17T11:30,0,,sample
7,2026-02-17T12:30,0,,sample
7,2026-02-17T13:30,1,120,sample
7,2026-02-17T14:30,1,180,sample
7,2026-02-17T15:30,1,120,sample
7,2026-02-17T16:30,1,60,sample
7,2026-02-17T17:30,1,30,sample
7,2026-02-18T08:30,0,,sample
7,2026-02-18T09:30,1,60,sample
7,2026-02-18T10:30,1,30,sample
7,2026-02-18T11:30,1,45,sample
7,2026-02-18T12:30,0,,sample
7,2026-02-18T13:30,1,45,sample
7,2026-02-18T14:30,1,180,sample
7,2026-02-18T15:30,0,,sample
7,2026-02-18T16:30,0,,sample
7,2026-02-18T17:30,1,60,sample
7,2026-02-19T08:30,1,45,sample
7,2026-02-19T09:30,0,,sample
7,2026-02-19T10:30,1,180,sample
7,2026-02-19T11:30,1,90,sample
7,2026-02-19T12:30,0,,sample
7,2026-02-19T13:30,0,,sample
7,2026-02-19T14:30,1,180,sample
7,2026-02-19T15:30,1,60,sample
7,2026-02-19T16:30,0,,sample
7,2026-02-19T17:30,0,,sample
7,2026-02-20T08:30,0,,sample
7,2026-02-20T09:30,0,,sample
7,2026-02-20T10:30,1,90,sample
7,2026-02-20T11:30,0,,sample
7,2026-02-20T12:30,0,,sample
7,2026-02-20T13:30,0,,sample
7,2026-02-20T14:30,0,,sample
7,2026-02-20T15:30,0,,sample
7,2026-02-20T16:30,1,60,sample
7,2026-02-20T17:30,1,45,sample
8,2026-02-02T08:30,0,,sample
8,2026-02-02T09:30,1,180,sample
8,2026-02-02T10:30,1,120,sample
8,2026-02-02T11:30,0,,sample
8,2026-02-02T12:30,0,,sample
8,2026-02-02T13:30,0,,sample
8,2026-02-02T14:30,0,,sample
8,2026-02-02T15:30,0,,sample
8,2026-02-02T16:30,0,,sample
8,2026-02-02T17:30,0,,sample
8,2026-02-03T08:30,1,90,sample
8,2026-02-03T09:30,1,30,sample
8,2026-02-03T10:30,0,,sample
8,2026-02-03T11:30,1,180,sample
8,2026-02-03T12:30,1,90,sample
8,2026-02-03T13:30,1,180,sample
8,2026-02-03T14:30,0,,sample
8,2026-02-03T15:30,1,30,sample
8,2026-02-03T16:30,0,,sample
8,2026-02-03T17:30,0,,sample
8,2026-02-04T08:30,0,,sample
8,2026-02-04T09:30,1,45,sample
8,2026-02-04T10:30,0,,sample
8,2026-02-04T11:30,1,120,sample
8,2026-02-04T12:30,0,,sample
8,2026-02-04T13:30,1,120,sample
8,2026-02-04T14:30,0,,sample
8,2026-02-04T15:30,1,90,sample
8,2026-02-04T16:30,1,90,sample
8,2026-02-04T17:30,0,,sample
8,2026-02-05T08:30,1,45,sample
8,2026-02-05T09:30,1,120,sample
8,2026-02-05T10:30,1,60,sample
8,2026-02-05T11:30,1,90,sample
8,2026-02-05T12:30,0,,sample
8,2026-02-05T13:30,1,30,sample
8,2026-02-05T14:30,1,120,sample
8,2026-02-05T15:30,1,30,sample
8,2026-02-05T16:30,0,,sample
8,2026-02-05T17:30,0,,sample
8,2026-02-06T08:30,0,,sample
8,2026-02-06T09:30,1,180,sample
8,2026-02-06T10:30,0,,sample
8,2026-02-06T11:30,0,,sample
8,2026-02-06T12:30,1,120,sample
8,2026-02-06T13:30,1,180,sample
8,2026-02-06T14:30,1,90,sample
8,2026-02-06T15:30,1,120,sample
8,2026-02-06T16:30,1,15,sample
8,2026-02-06T17:30,0,,sample
8,2026-02-09T08:30,0,,sample
8,2026-02-09T09:30,0,,sample
8,2026-02-09T10:30,1,45,sample
8,2026-02-09T11:30,0,,sample
8,2026-02-09T12:30,0,,sample
8,2026-02-09T13:30,0,,sample
8,2026-02-09T14:30,0,,sample
8,2026-02-09T15:30,1,120,sample
8,2026-02-09T16:30,0,,sample
8,2026-02-09T17:30,0,,sample
8,2026-02-10T08:30,0,,sample
8,2026-02-10T09:30,0,,sample
8,2026-02-10T10:30,0,,sample
8,2026-02-10T11:30,0,,sample
8,2026-02-10T12:30,0,,sample
8,2026-02-10T13:30,0,,sample
8,2026-02-10T14:30,1,180,sample
8,2026-02-10T15:30,1,60,sample
8,2026-02-10T16:30,0,,sample
8,2026-02-10T17:30,0,,sample
8,2026-02-11T08:30,1,30,sample
8,2026-02-11T09:30,1,120,sample
8,2026-02-11T10:30,1,90,sample
8,2026-02-11T11:30,0,,sample
8,2026-02-11T12:30,0,,sample
8,2026-02-11T13:30,0,,sample
8,2026-02-11T14:30,1,45,sample
8,2026-02-11T15:30,0,,sample
8,2026-02-11T16:30,0,,sample
8,2026-02-11T17:30,0,,sample
8,2026-02-12T08:30,1,60,sample
8,2026-02-12T09:30,1,60,sample
8,2026-02-12T10:30,1,90,sample
8,2026-02-12T11:30,1,30,sample
8,2026-02-12T12:30,0,,sample
8,2026-02-12T13:30,0,,sample
8,2026-02-12T14:30,1,45,sample
8,2026-02-12T15:30,0,,sample
8,2026-02-12T16:30,1,15,sample
8,2026-02-12T17:30,0,,sample
8,2026-02-13T08:30,0,,sample
8,2026-02-13T09:30,0,,sample
8,2026-02-13T10:30,1,180,sample
8,2026-02-13T11:30,1,90,sample
8,2026-02-13T12:30,0,,sample
8,2026-02-13T13:30,0,,sample
8,2026-02-13T14:30,1,180,sample
8,2026-02-13T15:30,0,,sample
8,2026-02-13T16:30,1,30,sample
8,2026-02-13T17:30,0,,sample
8,2026-02-16T08:30,0,,sample
8,2026-02-16T09:30,0,,sample
8,2026-02-16T10:30,1,30,sample
8,2026-02-16T11:30,1,45,sample
8,2026-02-16T12:30,1,45,sample
8,2026-02-16T13:30,0,,sample
8,2026-02-16T14:30,1,90,sample
8,2026-02-16T15:30,1,45,sample
8,2026-02-16T16:30,0,,sample
8,2026-02-16T17:30,0,,sample
8,2026-02-17T08:30,0,,sample
8,2026-02-17T09:30,0,,sample
8,2026-02-17T10:30,1,180,sample
8,2026-02-17T11:30,0,,sample
8,2026-02-17T12:30,0,,sample
8,2026-02-17T13:30,1,180,sample
8,2026-02-17T14:30,1,120,sample
8,2026-02-17T15:30,0,,sample
8,2026-02-17T16:30,0,,sample
8,2026-02-17T17:30,0,,sample
8,2026-02-18T08:30,1,120,sample
8,2026-02-18T09:30,0,,sample
8,2026-02-18T10:30,0,,sample
8,2026-02-18T11:30,1,30,sample
8,2026-02-18T12:30,0,,sample
8,2026-02-18T13:30,1,45,sample
8,2026-02-18T14:30,1,120,sample
8,2026-02-18T15:30,1,90,sample
8,2026-02-18T16:30,1,60,sample
8,2026-02-18T17:30,0,,sample
8,2026-02-19T08:30,1,60,sample
8,2026-02-19T09:30,1,120,sample
8,2026-02-19T10:30,1,60,sample
8,2026-02-19T11:30,0,,sample
8,2026-02-19T12:30,1,60,sample
8,2026-02-19T13:30,1,120,sample
8,2026-02-19T14:30,1,30,sample
8,2026-02-19T15:30,1,60,sample
8,2026-02-19T16:30,1,90,sample
8,2026-02-19T17:30,0,,sample
8,2026-02-20T08:30,1,120,sample
8,2026-02-20T09:30,1,60,sample
8,2026-02-20T10:30,0,,sample
8,2026-02-20T11:30,0,,sample
8,2026-02-20T12:30,1,60,sample
8,2026-02-20T13:30,0,,sample
8,2026-02-20T14:30,1,90,sample
8,2026-02-20T15:30,1,90,sample
8,2026-02-20T16:30,0,,sample
8,2026-02-20T17:30,0,,sample
9,2026-02-02T08:30,0,,sample
9,2026-02-02T09:30,0,,sample
9,2026-02-02T10:30,0,,sample
9,2026-02-02T11:30,1,120,sample
9,2026-02-02T12:30,0,,sample
9,2026-02-02T13:30,1,120,sample
9,2026-02-02T14:30,0,,sample
9,2026-02-02T15:30,1,30,sample
9,2026-02-02T16:30,0,,sample
9,2026-02-02T17:30,0,,sample
9,2026-02-03T08:30,1,120,sample
9,2026-02-03T09:30,1,180,sample
9,2026-02-03T10:30,0,,sample
9,2026-02-03T11:30,1,180,sample
9,2026-02-03T12:30,1,180,sample
9,2026-02-03T13:30,1,120,sample
9,2026-02-03T14:30,0,,sample
9,2026-02-03T15:30,1,60,sample
9,2026-02-03T16:30,0,,sample
9,2026-02-03T17:30,1,30,sample
9,2026-02-04T08:30,0,,sample
9,2026-02-04T09:30,0,,sample
9,2026-02-04T10:30,1,30,sample
9,2026-02-04T11:30,0,,sample
9,2026-02-04T12:30,1,60,sample
9,2026-02-04T13:30,1,60,sample
9,2026-02-04T14:30,1,120,sample
9,2026-02-04T15:30,0,,sample
9,2026-02-04T16:30,0,,sample
9,2026-02-04T17:30,0,,sample
9,2026-02-05T08:30,0,,sample
9,2026-02-05T09:30,1,60,sample
9,2026-02-05T10:30,1,60,sample
9,2026-02-05T11:30,0,,sample
9,2026-02-05T12:30,0,,sample
9,2026-02-05T13:30,1,45,sample
9,2026-02-05T14:30,0,,sample
9,2026-02-05T15:30,0,,sample
9,2026-02-05T16:30,0,,sample
9,2026-02-05T17:30,0,,sample
9,2026-02-06T08:30,1,120,sample
9,2026-02-06T09:30,1,30,sample
9,2026-02-06T10:30,0,,sample
9,2026-02-06T11:30,1,180,sample
9,2026-02-06T12:30,1,45,sample
9,2026-02-06T13:30,0,,sample
9,2026-02-06T14:30,0,,sample
9,2026-02-06T15:30,0,,sample
9,2026-02-06T16:30,1,45,sample
9,2026-02-06T17:30,0,,sample
9,2026-02-09T08:30,0,,sample
9,2026-02-09T09:30,0,,sample
9,2026-02-09T10:30,0,,sample
9,2026-02-09T11:30,1,180,sample
9,2026-02-09T12:30,0,,sample
9,2026-02-09T13:30,1,60,sample
9,2026-02-09T14:30,0,,sample
9,2026-02-09T15:30,0,,sample
9,2026-02-09T16:30,0,,sample
9,2026-02-09T17:30,0,,sample
9,2026-02-10T08:30,0,,sample
9,2026-02-10T09:30,0,,sample
9,2026-02-10T10:30,1,60,sample
9,2026-02-10T11:30,1,120,sample
9,2026-02-10T12:30,0,,sample
9,2026-02-10T13:30,1,180,sample
9,2026-02-10T14:30,1,180,sample
9,2026-02-10T15:30,1,180,sample
9,2026-02-10T16:30,1,45,sample
9,2026-02-10T17:30,1,30,sample
9,2026-02-11T08:30,1,120,sample
9,2026-02-11T09:30,0,,sample
9,2026-02-11T10:30,1,180,sample
9,2026-02-11T11:30,1,60,sample
9,2026-02-11T12:30,0,,sample
9,2026-02-11T13:30,0,,sample
9,2026-02-11T14:30,1,45,sample
9,2026-02-11T15:30,1,45,sample
9,2026-02-11T16:30,1,60,sample
9,2026-02-11T17:30,1,30,sample
9,2026-02-12T08:30,0,,sample
9,2026-02-12T09:30,1,90,sample
9,2026-02-12T10:30,1,120,sample
9,2026-02-12T11:30,1,30,sample
9,2026-02-12T12:30,0,,sample
9,2026-02-12T13:30,1,60,sample
9,2026-02-12T14:30,1,45,sample
9,2026-02-12T15:30,0,,sample
9,2026-02-12T16:30,1,30,sample
9,2026-02-12T17:30,0,,sample
9,2026-02-13T08:30,0,,sample
9,2026-02-13T09:30,0,,sample
9,2026-02-13T10:30,1,90,sample
9,2026-02-13T11:30,1,180,sample
9,2026-02-13T12:30,1,30,sample
9,2026-02-13T13:30,0,,sample
9,2026-02-13T14:30,0,,sample
9,2026-02-13T15:30,1,120,sample
9,2026-02-13T16:30,1,30,sample
9,2026-02-13T17:30,0,,sample
9,2026-02-16T08:30,0,,sample
9,2026-02-16T09:30,0,,sample
9,2026-02-16T10:30,0,,sample
9,2026-02-16T11:30,1,60,sample
9,2026-02-16T12:30,0,,sample
9,2026-02-16T13:30,0,,sample
9,2026-02-16T14:30,1,90,sample
9,2026-02-16T15:30,0,,sample
9,2026-02-16T16:30,0,,sample
9,2026-02-16T17:30,0,,sample
9,2026-02-17T08:30,0,,sample
9,2026-02-17T09:30,0,,sample
9,2026-02-17T10:30,0,,sample
9,2026-02-17T11:30,1,90,sample
9,2026-02-17T12:30,1,120,sample
9,2026-02-17T13:30,0,,sample
9,2026-02-17T14:30,1,120,sample
9,2026-02-17T15:30,0,,sample
9,2026-02-17T16:30,0,,sample
9,2026-02-17T17:30,1,15,sample
9,2026-02-18T08:30,0,,sample
9,2026-02-18T09:30,0,,sample
9,2026-02-18T10:30,1,120,sample
9,2026-02-18T11:30,1,45,sample
9,2026-02-18T12:30,1,120,sample
9,2026-02-18T13:30,0,,sample
9,2026-02-18T14:30,1,30,sample
9,2026-02-18T15:30,0,,sample
9,2026-02-18T16:30,0,,sample
9,2026-02-18T17:30,0,,sample
9,2026-02-19T08:30,1,60,sample
9,2026-02-19T09:30,0,,sample
9,2026-02-19T10:30,0,,sample
9,2026-02-19T11:30,1,120,sample
9,2026-02-19T12:30,1,60,sample
9,2026-02-19T13:30,1,60,sample
9,2026-02-19T14:30,0,,sample
9,2026-02-19T15:30,0,,sample
9,2026-02-19T16:30,1,90,sample
9,2026-02-19T17:30,0,,sample
9,2026-02-20T08:30,1,60,sample
9,2026-02-20T09:30,0,,sample
9,2026-02-20T10:30,0,,sample
9,2026-02-20T11:30,1,180,sample
9,2026-02-20T12:30,0,,sample
9,2026-02-20T13:30,0,,sample
9,2026-02-20T14:30,0,,sample
9,2026-02-20T15:30,0,,sample
9,2026-02-20T16:30,0,,sample
9,2026-02-20T17:30,0,,sample
10,2026-02-02T08:30,0,,sample
10,2026-02-02T09:30,0,,sample
10,2026-02-02T10:30,0,,sample
10,2026-02-02T11:30,0,,sample
10,2026-02-02T12:30,1,60,sample
10,2026-02-02T13:30,1,180,sample
10,2026-02-02T14:30,0,,sample
10,2026-02-02T15:30,1,60,sample
10,2026-02-02T16:30,0,,sample
10,2026-02-02T17:30,1,30,sample
10,2026-02-03T08:30,0,,sample
10,2026-02-03T09:30,0,,sample
10,2026-02-03T10:30,0,,sample
10,2026-02-03T11:30,0,,sample
10,2026-02-03T12:30,1,30,sample
10,2026-02-03T13:30,0,,sample
10,2026-02-03T14:30,1,90,sample
10,2026-02-03T15:30,0,,sample
10,2026-02-03T16:30,0,,sample
10,2026-02-03T17:30,0,,sample
10,2026-02-04T08:30,0,,sample
10,2026-02-04T09:30,1,90,sample
10,2026-02-04T10:30,0,,sample
10,2026-02-04T11:30,1,45,sample
10,2026-02-04T12:30,0,,sample
10,2026-02-04T13:30,0,,sample
10,2026-02-04T14:30,1,120,sample
10,2026-02-04T15:30,0,,sample
10,2026-02-04T16:30,1,30,sample
10,2026-02-04T17:30,0,,sample
10,2026-02-05T08:30,0,,sample
10,2026-02-05T09:30,1,60,sample
10,2026-02-05T10:30,1,60,sample
10,2026-02-05T11:30,0,,sample
10,2026-02-05T12:30,0,,sample
10,2026-02-05T13:30,1,180,sample
10,2026-02-05T14:30,0,,sample
10,2026-02-05T15:30,1,60,sample
10,2026-02-05T16:30,0,,sample
10,2026-02-05T17:30,0,,sample
10,2026-02-06T08:30,1,60,sample
10,2026-02-06T09:30,1,90,sample
10,2026-02-06T10:30,1,60,sample
10,2026-02-06T11:30,1,180,sample
10,2026-02-06T12:30,1,90,sample
10,2026-02-06T13:30,1,120,sample
10,2026-02-06T14:30,0,,sample
10,2026-02-06T15:30,0,,sample
10,2026-02-06T16:30,0,,sample
10,2026-02-06T17:30,0,,sample
10,2026-02-09T08:30,0,,sample
10,2026-02-09T09:30,1,60,sample
10,2026-02-09T10:30,1,180,sample
10,2026-02-09T11:30,1,180,sample
10,2026-02-09T12:30,1,60,sample
10,2026-02-09T13:30,0,,sample
10,2026-02-09T14:30,0,,sample
10,2026-02-09T15:30,1,90,sample
10,2026-02-09T16:30,1,30,sample
10,2026-02-09T17:30,1,30,sample
10,2026-02-10T08:30,0,,sample
10,2026-02-10T09:30,1,30,sample
10,2026-02-10T10:30,0,,sample
10,2026-02-10T11:30,1,180,sample
10,2026-02-10T12:30,0,,sample
10,2026-02-10T13:30,0,,sample
10,2026-02-10T14:30,1,60,sample
10,2026-02-10T15:30,1,45,sample
10,2026-02-10T16:30,1,60,sample
10,2026-02-10T17:30,0,,sample
10,2026-02-11T08:30,0,,sample
10,2026-02-11T09:30,1,60,sample
10,2026-02-11T10:30,1,90,sample
10,2026-02-11T11:30,1,120,sample
10,2026-02-11T12:30,0,,sample
10,2026-02-11T13:30,1,45,sample
10,2026-02-11T14:30,1,60,sample
10,2026-02-11T15:30,0,,sample
10,2026-02-11T16:30,0,,sample
10,2026-02-11T17:30,0,,sample
10,2026-02-12T08:30,0,,sample
10,2026-02-12T09:30,0,,sample
10,2026-02-12T10:30,1,120,sample
10,2026-02-12T11:30,1,90,sample
10,2026-02-12T12:30,0,,sample
10,2026-02-12T13:30,0,,sample
10,2026-02-12T14:30,0,,sample
10,2026-02-12T15:30,1,30,sample
10,2026-02-12T16:30,0,,sample
10,2026-02-12T17:30,0,,sample
10,2026-02-13T08:30,1,90,sample
10,2026-02-13T09:30,1,60,sample
10,2026-02-13T10:30,0,,sample
10,2026-02-13T11:30,1,60,sample
10,2026-02-13T12:30,1,45,sample
10,2026-02-13T13:30,1,120,sample
10,2026-02-13T14:30,0,,sample
10,2026-02-13T15:30,1,90,sample
10,2026-02-13T16:30,0,,sample
10,2026-02-13T17:30,1,45,sample
10,2026-02-16T08:30,0,,sample
10,2026-02-16T09:30,1,45,sample
10,2026-02-16T10:30,0,,sample
10,2026-02-16T11:30,1,120,sample
10,2026-02-16T12:30,1,45,sample
10,2026-02-16T13:30,0,,sample
10,2026-02-16T14:30,0,,sample
10,2026-02-16T15:30,0,,sample
10,2026-02-16T16:30,1,30,sample
10,2026-02-16T17:30,1,30,sample
10,2026-02-17T08:30,1,120,sample
10,2026-02-17T09:30,0,,sample
10,2026-02-17T10:30,1,120,sample
10,2026-02-17T11:30,1,120,sample
10,2026-02-17T12:30,1,45,sample
10,2026-02-17T13:30,1,120,sample
10,2026-02-17T14:30,1,120,sample
10,2026-02-17T15:30,1,60,sample
10,2026-02-17T16:30,0,,sample
10,2026-02-17T17:30,0,,sample
10,2026-02-18T08:30,0,,sample
10,2026-02-18T09:30,1,120,sample
10,2026-02-18T10:30,0,,sample
10,2026-02-18T11:30,0,,sample
10,2026-02-18T12:30,0,,sample
10,2026-02-18T13:30,0,,sample
10,2026-02-18T14:30,1,45,sample
10,2026-02-18T15:30,1,180,sample
10,2026-02-18T16:30,1,60,sample
10,2026-02-18T17:30,1,30,sample
10,2026-02-19T08:30,0,,sample
10,2026-02-19T09:30,1,120,sample
10,2026-02-19T10:30,0,,sample
10,2026-02-19T11:30,1,90,sample
10,2026-02-19T12:30,0,,sample
10,2026-02-19T13:30,0,,sample
10,2026-02-19T14:30,1,120,sample
10,2026-02-19T15:30,0,,sample
10,2026-02-19T16:30,1,60,sample
10,2026-02-19T17:30,0,,sample
10,2026-02-20T08:30,0,,sample
10,2026-02-20T09:30,0,,sample
10,2026-02-20T10:30,0,,sample
10,2026-02-20T11:30,1,60,sample
10,2026-02-20T12:30,0,,sample
10,2026-02-20T13:30,0,,sample
10,2026-02-20T14:30,1,90,sample
10,2026-02-20T15:30,0,,sample
10,2026-02-20T16:30,1,45,sample
10,2026-02-20T17:30,0,,sample
11,2026-02-02T08:30,0,,sample
11,2026-02-02T09:30,0,,sample
11,2026-02-02T10:30,0,,sample
11,2026-02-02T11:30,1,60,sample
11,2026-02-02T12:30,0,,sample
11,2026-02-02T13:30,1,180,sample
11,2026-02-02T14:30,0,,sample
11,2026-02-02T15:30,1,60,sample
11,2026-02-02T16:30,0,,sample
11,2026-02-02T17:30,0,,sample
11,2026-02-03T08:30,0,,sample
11,2026-02-03T09:30,0,,sample
11,2026-02-03T10:30,1,60,sample
11,2026-02-03T11:30,0,,sample
11,2026-02-03T12:30,1,45,sample
11,2026-02-03T13:30,0,,sample
11,2026-02-03T14:30,0,,sample
11,2026-02-03T15:30,1,120,sample
11,2026-02-03T16:30,0,,sample
11,2026-02-03T17:30,0,,sample
11,2026-02-04T08:30,0,,sample
11,2026-02-04T09:30,1,30,sample
11,2026-02-04T10:30,1,60,sample
11,2026-02-04T11:30,1,60,sample
11,2026-02-04T12:30,0,,sample
11,2026-02-04T13:30,0,,sample
11,2026-02-04T14:30,1,90,sample
11,2026-02-04T15:30,1,45,sample
11,2026-02-04T16:30,0,,sample
11,2026-02-04T17:30,0,,sample
11,2026-02-05T08:30,0,,sample
11,2026-02-05T09:30,1,90,sample
11,2026-02-05T10:30,1,60,sample
11,2026-02-05T11:30,0,,sample
11,2026-02-05T12:30,1,30,sample
11,2026-02-05T13:30,1,60,sample
11,2026-02-05T14:30,0,,sample
11,2026-02-05T15:30,1,60,sample
11,2026-02-05T16:30,0,,sample
11,2026-02-05T17:30,0,,sample
11,2026-02-06T08:30,0,,sample
11,2026-02-06T09:30,0,,sample
11,2026-02-06T10:30,1,120,sample
11,2026-02-06T11:30,0,,sample
11,2026-02-06T12:30,1,120,sample
11,2026-02-06T13:30,1,45,sample
11,2026-02-06T14:30,1,90,sample
11,2026-02-06T15:30,0,,sample
11,2026-02-06T16:30,0,,sample
11,2026-02-06T17:30,0,,sample
11,2026-02-09T08:30,1,60,sample
11,2026-02-09T09:30,0,,sample
11,2026-02-09T10:30,1,30,sample
11,2026-02-09T11:30,1,60,sample
11,2026-02-09T12:30,0,,sample
11,2026-02-09T13:30,0,,sample
11,2026-02-09T14:30,0,,sample
11,2026-02-09T15:30,0,,sample
11,2026-02-09T16:30,1,30,sample
11,2026-02-09T17:30,1,60,sample
11,2026-02-10T08:30,1,30,sample
11,2026-02-10T09:30,1,120,sample
11,2026-02-10T10:30,0,,sample
11,2026-02-10T11:30,0,,sample
11,2026-02-10T12:30,1,45,sample
11,2026-02-10T13:30,0,,sample
11,2026-02-10T14:30,0,,sample
11,2026-02-10T15:30,1,120,sample
11,2026-02-10T16:30,1,45,sample
11,2026-02-10T17:30,0,,sample
11,2026-02-11T08:30,1,60,sample
11,2026-02-11T09:30,0,,sample
11,2026-02-11T10:30,0,,sample
11,2026-02-11T11:30,0,,sample
11,2026-02-11T12:30,1,120,sample
11,2026-02-11T13:30,1,45,sample
11,2026-02-11T14:30,0,,sample
11,2026-02-11T15:30,0,,sample
11,2026-02-11T16:30,1,30,sample
11,2026-02-11T17:30,1,15,sample
11,2026-02-12T08:30,1,60,sample
11,2026-02-12T09:30,1,60,sample
11,2026-02-12T10:30,0,,sample
11,2026-02-12T11:30,0,,sample
11,2026-02-12T12:30,0,,sample
11,2026-02-12T13:30,1,60,sample
11,2026-02-12T14:30,1,120,sample
11,2026-02-12T15:30,0,,sample
11,2026-02-12T16:30,0,,sample
11,2026-02-12T17:30,1,15,sample
11,2026-02-13T08:30,1,60,sample
11,2026-02-13T09:30,0,,sample
11,2026-02-13T10:30,1,45,sample
11,2026-02-13T11:30,0,,sample
11,2026-02-13T12:30,0,,sample
11,2026-02-13T13:30,0,,sample
11,2026-02-13T14:30,0,,sample
11,2026-02-13T15:30,0,,sample
11,2026-02-13T16:30,0,,sample
11,2026-02-13T17:30,0,,sample
11,2026-02-16T08:30,0,,sample
11,2026-02-16T09:30,1,120,sample
11,2026-02-16T10:30,0,,sample
11,2026-02-16T11:30,1,180,sample
11,2026-02-16T12:30,0,,sample
11,2026-02-16T13:30,0,,sample
11,2026-02-16T14:30,1,60,sample
11,2026-02-16T15:30,0,,sample
11,2026-02-16T16:30,1,90,sample
11,2026-02-16T17:30,0,,sample
11,2026-02-17T08:30,1,60,sample
11,2026-02-17T09:30,1,90,sample
11,2026-02-17T10:30,1,120,sample
11,2026-02-17T11:30,1,120,sample
11,2026-02-17T12:30,1,45,sample
11,2026-02-17T13:30,0,,sample
11,2026-02-17T14:30,0,,sample
11,2026-02-17T15:30,0,,sample
11,2026-02-17T16:30,1,30,sample
11,2026-02-17T17:30,1,45,sample
11,2026-02-18T08:30,1,120,sample
11,2026-02-18T09:30,1,90,sample
11,2026-02-18T10:30,1,180,sample
11,2026-02-18T11:30,1,60,sample
11,2026-02-18T12:30,0,,sample
11,2026-02-18T13:30,0,,sample
11,2026-02-18T14:30,1,60,sample
11,2026-02-18T15:30,1,30,sample
11,2026-02-18T16:30,1,45,sample
11,2026-02-18T17:30,0,,sample
11,2026-02-19T08:30,0,,sample
11,2026-02-19T09:30,0,,sample
11,2026-02-19T10:30,1,90,sample
11,2026-02-19T11:30,0,,sample
11,2026-02-19T12:30,0,,sample
11,2026-02-19T13:30,1,120,sample
11,2026-02-19T14:30,1,180,sample
11,2026-02-19T15:30,1,120,sample
11,2026-02-19T16:30,0,,sample
11,2026-02-19T17:30,0,,sample
11,2026-02-20T08:30,1,60,sample
11,2026-02-20T09:30,0,,sample
11,2026-02-20T10:30,1,120,sample
11,2026-02-20T11:30,0,,sample
11,2026-02-20T12:30,0,,sample
11,2026-02-20T13:30,1,180,sample
11,2026-02-20T14:30,0,,sample
11,2026-02-20T15:30,0,,sample
11,2026-02-20T16:30,0,,sample
11,2026-02-20T17:30,0,,sample
12,2026-02-02T08:30,1,45,sample
12,2026-02-02T09:30,0,,sample
12,2026-02-02T10:30,1,90,sample
12,2026-02-02T11:30,0,,sample
12,2026-02-02T12:30,0,,sample
12,2026-02-02T13:30,1,120,sample
12,2026-02-02T14:30,0,,sample
12,2026-02-02T15:30,1,60,sample
12,2026-02-02T16:30,0,,sample
12,2026-02-02T17:30,1,15,sample
12,2026-02-03T08:30,0,,sample
12,2026-02-03T09:30,0,,sample
12,2026-02-03T10:30,1,45,sample
12,2026-02-03T11:30,1,60,sample
12,2026-02-03T12:30,0,,sample
12,2026-02-03T13:30,1,45,sample
12,2026-02-03T14:30,1,60,sample
12,2026-02-03T15:30,0,,sample
12,2026-02-03T16:30,1,30,sample
12,2026-02-03T17:30,0,,sample
12,2026-02-04T08:30,1,60,sample
12,2026-02-04T09:30,1,120,sample
12,2026-02-04T10:30,0,,sample
12,2026-02-04T11:30,1,120,sample
12,2026-02-04T12:30,0,,sample
12,2026-02-04T13:30,1,90,sample
12,2026-02-04T14:30,0,,sample
12,2026-02-04T15:30,1,60,sample
12,2026-02-04T16:30,1,30,sample
12,2026-02-04T17:30,0,,sample
12,2026-02-05T08:30,0,,sample
12,2026-02-05T09:30,1,60,sample
12,2026-02-05T10:30,0,,sample
12,2026-02-05T11:30,1,30,sample
12,2026-02-05T12:30,1,120,sample
12,2026-02-05T13:30,0,,sample
12,2026-02-05T14:30,1,30,sample
12,2026-02-05T15:30,1,120,sample
12,2026-02-05T16:30,0,,sample
12,2026-02-05T17:30,0,,sample
12,2026-02-06T08:30,1,120,sample
12,2026-02-06T09:30,0,,sample
12,2026-02-06T10:30,0,,sample
12,2026-02-06T11:30,1,180,sample
12,2026-02-06T12:30,0,,sample
12,2026-02-06T13:30,1,120,sample
12,2026-02-06T14:30,0,,sample
12,2026-02-06T15:30,0,,sample
12,2026-02-06T16:30,1,90,sample
12,2026-02-06T17:30,1,90,sample
12,2026-02-09T08:30,0,,sample
12,2026-02-09T09:30,1,30,sample
12,2026-02-09T10:30,1,60,sample
12,2026-02-09T11:30,0,,sample
12,2026-02-09T12:30,1,45,sample
12,2026-02-09T13:30,1,90,sample
12,2026-02-09T14:30,0,,sample
12,2026-02-09T15:30,1,45,sample
12,2026-02-09T16:30,0,,sample
12,2026-02-09T17:30,0,,sample
12,2026-02-10T08:30,0,,sample
12,2026-02-10T09:30,0,,sample
12,2026-02-10T10:30,1,120,sample
12,2026-02-10T11:30,1,30,sample
12,2026-02-10T12:30,0,,sample
12,2026-02-10T13:30,0,,sample
12,2026-02-10T14:30,1,180,sample
12,2026-02-10T15:30,1,30,sample
12,2026-02-10T16:30,1,60,sample
12,2026-02-10T17:30,0,,sample
12,2026-02-11T08:30,0,,sample
12,2026-02-11T09:30,1,45,sample
12,2026-02-11T10:30,0,,sample
12,2026-02-11T11:30,1,60,sample
12,2026-02-11T12:30,0,,sample
12,2026-02-11T13:30,0,,sample
12,2026-02-11T14:30,0,,sample
12,2026-02-11T15:30,1,120,sample
12,2026-02-11T16:30,1,30,sample
12,2026-02-11T17:30,0,,sample
12,2026-02-12T08:30,0,,sample
12,2026-02-12T09:30,1,30,sample
12,2026-02-12T10:30,1,60,sample
12,2026-02-12T11:30,0,,sample
12,2026-02-12T12:30,1,90,sample
12,2026-02-12T13:30,0,,sample
12,2026-02-12T14:30,0,,sample
12,2026-02-12T15:30,1,120,sample
12,2026-02-12T16:30,1,30,sample
12,2026-02-12T17:30,1,45,sample
12,2026-02-13T08:30,0,,sample
12,2026-02-13T09:30,0,,sample
12,2026-02-13T10:30,1,60,sample
12,2026-02-13T11:30,0,,sample
12,2026-02-13T12:30,0,,sample
12,2026-02-13T13:30,0,,sample
12,2026-02-13T14:30,0,,sample
12,2026-02-13T15:30,0,,sample
12,2026-02-13T16:30,0,,sample
12,2026-02-13T17:30,1,60,sample
12,2026-02-16T08:30,0,,sample
12,2026-02-16T09:30,1,60,sample
12,2026-02-16T10:30,0,,sample
12,2026-02-16T11:30,0,,sample
12,2026-02-16T12:30,0,,sample
12,2026-02-16T13:30,1,120,sample
12,2026-02-16T14:30,1,30,sample
12,2026-02-16T15:30,0,,sample
12,2026-02-16T16:30,0,,sample
12,2026-02-16T17:30,0,,sample
12,2026-02-17T08:30,1,45,sample
12,2026-02-17T09:30,0,,sample
12,2026-02-17T10:30,0,,sample
12,2026-02-17T11:30,1,60,sample
12,2026-02-17T12:30,0,,sample
12,2026-02-17T13:30,1,120,sample
12,2026-02-17T14:30,1,45,sample
12,2026-02-17T15:30,1,90,sample
12,2026-02-17T16:30,0,,sample
12,2026-02-17T17:30,1,30,sample
12,2026-02-18T08:30,0,,sample
12,2026-02-18T09:30,1,120,sample
12,2026-02-18T10:30,1,120,sample
12,2026-02-18T11:30,0,,sample
12,2026-02-18T12:30,0,,sample
12,2026-02-18T13:30,1,180,sample
12,2026-02-18T14:30,0,,sample
12,2026-02-18T15:30,0,,sample
12,2026-02-18T16:30,0,,sample
12,2026-02-18T17:30,1,45,sample
12,2026-02-19T08:30,1,60,sample
12,2026-02-19T09:30,1,30,sample
12,2026-02-19T10:30,0,,sample
12,2026-02-19T11:30,1,120,sample
12,2026-02-19T12:30,0,,sample
12,2026-02-19T13:30,1,90,sample
12,2026-02-19T14:30,0,,sample
12,2026-02-19T15:30,1,120,sample
12,2026-02-19T16:30,0,,sample
12,2026-02-19T17:30,0,,sample
12,2026-02-20T08:30,0,,sample
12,2026-02-20T09:30,0,,sample
12,2026-02-20T10:30,1,120,sample
12,2026-02-20T11:30,1,90,sample
12,2026-02-20T12:30,0,,sample
12,2026-02-20T13:30,0,,sample
12,2026-02-20T14:30,1,120,sample
12,2026-02-20T15:30,0,,sample
12,2026-02-20T16:30,1,30,sample
12,2026-02-20T17:30,0,,sample
13,2026-02-02T08:30,0,,sample
13,2026-02-02T09:30,1,180,sample
13,2026-02-02T10:30,0,,sample
13,2026-02-02T11:30,0,,sample
13,2026-02-02T12:30,0,,sample
13,2026-02-02T13:30,1,30,sample
13,2026-02-02T14:30,0,,sample
13,2026-02-02T15:30,0,,sample
13,2026-02-02T16:30,0,,sample
13,2026-02-02T17:30,0,,sample
13,2026-02-03T08:30,0,,sample
13,2026-02-03T09:30,0,,sample
13,2026-02-03T10:30,1,60,sample
13,2026-02-03T11:30,0,,sample
13,2026-02-03T12:30,0,,sample
13,2026-02-03T13:30,0,,sample
13,2026-02-03T14:30,1,30,sample
13,2026-02-03T15:30,1,60,sample
13,2026-02-03T16:30,0,,sample
13,2026-02-03T17:30,0,,sample
13,2026-02-04T08:30,1,45,sample
13,2026-02-04T09:30,0,,sample
13,2026-02-04T10:30,0,,sample
13,2026-02-04T11:30,0,,sample
13,2026-02-04T12:30,0,,sample
13,2026-02-04T13:30,0,,sample
13,2026-02-04T14:30,0,,sample
13,2026-02-04T15:30,0,,sample
13,2026-02-04T16:30,0,,sample
13,2026-02-04T17:30,0,,sample
13,2026-02-05T08:30,0,,sample
13,2026-02-05T09:30,0,,sample
13,2026-02-05T10:30,0,,sample
13,2026-02-05T11:30,1,120,sample
13,2026-02-05T12:30,0,,sample
13,2026-02-05T13:30,1,60,sample
13,2026-02-05T14:30,0,,sample
13,2026-02-05T15:30,0,,sample
13,2026-02-05T16:30,0,,sample
13,2026-02-05T17:30,0,,sample
13,2026-02-06T08:30,0,,sample
13,2026-02-06T09:30,0,,sample
13,2026-02-06T10:30,0,,sample
13,2026-02-06T11:30,0,,sample
13,2026-02-06T12:30,0,,sample
13,2026-02-06T13:30,0,,sample
13,2026-02-06T14:30,0,,sample
13,2026-02-06T15:30,0,,sample
13,2026-02-06T16:30,0,,sample
13,2026-02-06T17:30,0,,sample
13,2026-02-09T08:30,0,,sample
13,2026-02-09T09:30,0,,sample
13,2026-02-09T10:30,0,,sample
13,2026-02-09T11:30,0,,sample
13,2026-02-09T12:30,0,,sample
13,2026-02-09T13:30,0,,sample
13,2026-02-09T14:30,1,120,sample
13,2026-02-09T15:30,0,,sample
13,2026-02-09T16:30,1,60,sample
13,2026-02-09T17:30,0,,sample
13,2026-02-10T08:30,0,,sample
13,2026-02-10T09:30,1,120,sample
13,2026-02-10T10:30,0,,sample
13,2026-02-10T11:30,1,60,sample
13,2026-02-10T12:30,0,,sample
13,2026-02-10T13:30,0,,sample
13,2026-02-10T14:30,0,,sample
13,2026-02-10T15:30,0,,sample
13,2026-02-10T16:30,0,,sample
13,2026-02-10T17:30,0,,sample
13,2026-02-11T08:30,0,,sample
13,2026-02-11T09:30,0,,sample
13,2026-02-11T10:30,0,,sample
13,2026-02-11T11:30,0,,sample
13,2026-02-11T12:30,0,,sample
13,2026-02-11T13:30,1,30,sample
13,2026-02-11T14:30,0,,sample
13,2026-02-11T15:30,0,,sample
13,2026-02-11T16:30,0,,sample
13,2026-02-11T17:30,0,,sample
13,2026-02-12T08:30,0,,sample
13,2026-02-12T09:30,1,60,sample
13,2026-02-12T10:30,0,,sample
13,2026-02-12T11:30,0,,sample
13,2026-02-12T12:30,0,,sample
13,2026-02-12T13:30,1,90,sample
13,2026-02-12T14:30,1,180,sample
13,2026-02-12T15:30,0,,sample
13,2026-02-12T16:30,0,,sample
13,2026-02-12T17:30,0,,sample
13,2026-02-13T08:30,0,,sample
13,2026-02-13T09:30,1,60,sample
13,2026-02-13T10:30,0,,sample
13,2026-02-13T11:30,0,,sample
13,2026-02-13T12:30,0,,sample
13,2026-02-13T13:30,0,,sample
13,2026-02-13T14:30,0,,sample
13,2026-02-13T15:30,1,60,sample
13,2026-02-13T16:30,0,,sample
13,2026-02-13T17:30,0,,sample
13,2026-02-16T08:30,0,,sample
13,2026-02-16T09:30,0,,sample
13,2026-02-16T10:30,0,,sample
13,2026-02-16T11:30,0,,sample
13,2026-02-16T12:30,1,180,sample
13,2026-02-16T13:30,0,,sample
13,2026-02-16T14:30,1,60,sample
13,2026-02-16T15:30,0,,sample
13,2026-02-16T16:30,0,,sample
13,2026-02-16T17:30,0,,sample
13,2026-02-17T08:30,0,,sample
13,2026-02-17T09:30,0,,sample
13,2026-02-17T10:30,1,120,sample
13,2026-02-17T11:30,0,,sample
13,2026-02-17T12:30,1,120,sample
13,2026-02-17T13:30,1,60,sample
13,2026-02-17T14:30,1,180,sample
13,2026-02-17T15:30,0,,sample
13,2026-02-17T16:30,0,,sample
13,2026-02-17T17:30,0,,sample
13,2026-02-18T08:30,0,,sample
13,2026-02-18T09:30,1,120,sample
13,2026-02-18T10:30,0,,sample
13,2026-02-18T11:30,0,,sample
13,2026-02-18T12:30,0,,sample
13,2026-02-18T13:30,0,,sample
13,2026-02-18T14:30,1,90,sample
13,2026-02-18T15:30,0,,sample
13,2026-02-18T16:30,0,,sample
13,2026-02-18T17:30,0,,sample
13,2026-02-19T08:30,1,90,sample
13,2026-02-19T09:30,0,,sample
13,2026-02-19T10:30,0,,sample
13,2026-02-19T11:30,1,120,sample
13,2026-02-19T12:30,0,,sample
13,2026-02-19T13:30,1,120,sample
13,2026-02-19T14:30,0,,sample
13,2026-02-19T15:30,1,180,sample
13,2026-02-19T16:30,0,,sample
13,2026-02-19T17:30,0,,sample
13,2026-02-20T08:30,0,,sample
13,2026-02-20T09:30,0,,sample
13,2026-02-20T10:30,0,,sample
13,2026-02-20T11:30,1,60,sample
13,2026-02-20T12:30,0,,sample
13,2026-02-20T13:30,0,,sample
13,2026-02-20T14:30,0,,sample
13,2026-02-20T15:30,0,,sample
13,2026-02-20T16:30,1,15,sample
13,2026-02-20T17:30,0,,sample
14,2026-02-02T08:30,0,,sample
14,2026-02-02T09:30,0,,sample
14,2026-02-02T10:30,0,,sample
14,2026-02-02T11:30,1,30,sample
14,2026-02-02T12:30,0,,sample
14,2026-02-02T13:30,0,,sample
14,2026-02-02T14:30,0,,sample
14,2026-02-02T15:30,1,45,sample
14,2026-02-02T16:30,0,,sample
14,2026-02-02T17:30,0,,sample
14,2026-02-03T08:30,0,,sample
14,2026-02-03T09:30,1,30,sample
14,2026-02-03T10:30,0,,sample
14,2026-02-03T11:30,0,,sample
14,2026-02-03T12:30,0,,sample
14,2026-02-03T13:30,0,,sample
14,2026-02-03T14:30,1,120,sample
14,2026-02-03T15:30,1,60,sample
14,2026-02-03T16:30,0,,sample
14,2026-02-03T17:30,0,,sample
14,2026-02-04T08:30,0,,sample
14,2026-02-04T09:30,1,60,sample
14,2026-02-04T10:30,0,,sample
14,2026-02-04T11:30,0,,sample
14,2026-02-04T12:30,0,,sample
14,2026-02-04T13:30,0,,sample
14,2026-02-04T14:30,0,,sample
14,2026-02-04T15:30,0,,sample
14,2026-02-04T16:30,0,,sample
14,2026-02-04T17:30,0,,sample
14,2026-02-05T08:30,0,,sample
14,2026-02-05T09:30,0,,sample
14,2026-02-05T10:30,0,,sample
14,2026-02-05T11:30,0,,sample
14,2026-02-05T12:30,0,,sample
14,2026-02-05T13:30,0,,sample
14,2026-02-05T14:30,0,,sample
14,2026-02-05T15:30,0,,sample
14,2026-02-05T16:30,0,,sample
14,2026-02-05T17:30,0,,sample
14,2026-02-06T08:30,0,,sample
14,2026-02-06T09:30,0,,sample
14,2026-02-06T10:30,0,,sample
14,2026-02-06T11:30,1,60,sample
14,2026-02-06T12:30,0,,sample
14,2026-02-06T13:30,0,,sample
14,2026-02-06T14:30,0,,sample
14,2026-02-06T15:30,1,30,sample
14,2026-02-06T16:30,1,30,sample
14,2026-02-06T17:30,0,,sample
14,2026-02-09T08:30,0,,sample
14,2026-02-09T09:30,0,,sample
14,2026-02-09T10:30,0,,sample
14,2026-02-09T11:30,0,,sample
14,2026-02-09T12:30,0,,sample
14,2026-02-09T13:30,0,,sample
14,2026-02-09T14:30,1,180,sample
14,2026-02-09T15:30,1,120,sample
14,2026-02-09T16:30,0,,sample
14,2026-02-09T17:30,0,,sample
14,2026-02-10T08:30,0,,sample
14,2026-02-10T09:30,0,,sample
14,2026-02-10T10:30,0,,sample
14,2026-02-10T11:30,1,60,sample
14,2026-02-10T12:30,0,,sample
14,2026-02-10T13:30,0,,sample
14,2026-02-10T14:30,0,,sample
14,2026-02-10T15:30,0,,sample
14,2026-02-10T16:30,1,60,sample
14,2026-02-10T17:30,1,30,sample
14,2026-02-11T08:30,0,,sample
14,2026-02-11T09:30,0,,sample
14,2026-02-11T10:30,0,,sample
14,2026-02-11T11:30,1,45,sample
14,2026-02-11T12:30,0,,sample
14,2026-02-11T13:30,0,,sample
14,2026-02-11T14:30,0,,sample
14,2026-02-11T15:30,1,120,sample
14,2026-02-11T16:30,0,,sample
14,2026-02-11T17:30,0,,sample
14,2026-02-12T08:30,0,,sample
14,2026-02-12T09:30,1,120,sample
14,2026-02-12T10:30,0,,sample
14,2026-02-12T11:30,1,120,sample
14,2026-02-12T12:30,0,,sample
14,2026-02-12T13:30,0,,sample
14,2026-02-12T14:30,0,,sample
14,2026-02-12T15:30,1,60,sample
14,2026-02-12T16:30,0,,sample
14,2026-02-12T17:30,0,,sample
14,2026-02-13T08:30,1,90,sample
14,2026-02-13T09:30,0,,sample
14,2026-02-13T10:30,1,60,sample
14,2026-02-13T11:30,0,,sample
14,2026-02-13T12:30,0,,sample
14,2026-02-13T13:30,0,,sample
14,2026-02-13T14:30,0,,sample
14,2026-02-13T15:30,1,90,sample
14,2026-02-13T16:30,0,,sample
14,2026-02-13T17:30,0,,sample
14,2026-02-16T08:30,0,,sample
14,2026-02-16T09:30,0,,sample
14,2026-02-16T10:30,0,,sample
14,2026-02-16T11:30,0,,sample
14,2026-02-16T12:30,0,,sample
14,2026-02-16T13:30,0,,sample
14,2026-02-16T14:30,0,,sample
14,2026-02-16T15:30,0,,sample
14,2026-02-16T16:30,0,,sample
14,2026-02-16T17:30,0,,sample
14,2026-02-17T08:30,0,,sample
14,2026-02-17T09:30,1,180,sample
14,2026-02-17T10:30,1,60,sample
14,2026-02-17T11:30,0,,sample
14,2026-02-17T12:30,0,,sample
14,2026-02-17T13:30,0,,sample
14,2026-02-17T14:30,1,120,sample
14,2026-02-17T15:30,0,,sample
14,2026-02-17T16:30,0,,sample
14,2026-02-17T17:30,0,,sample
14,2026-02-18T08:30,0,,sample
14,2026-02-18T09:30,0,,sample
14,2026-02-18T10:30,1,180,sample
14,2026-02-18T11:30,0,,sample
14,2026-02-18T12:30,0,,sample
14,2026-02-18T13:30,0,,sample
14,2026-02-18T14:30,0,,sample
14,2026-02-18T15:30,1,60,sample
14,2026-02-18T16:30,0,,sample
14,2026-02-18T17:30,1,30,sample
14,2026-02-19T08:30,0,,sample
14,2026-02-19T09:30,0,,sample
14,2026-02-19T10:30,1,120,sample
14,2026-02-19T11:30,1,30,sample
14,2026-02-19T12:30,0,,sample
14,2026-02-19T13:30,1,45,sample
14,2026-02-19T14:30,0,,sample
14,2026-02-19T15:30,1,30,sample
14,2026-02-19T16:30,0,,sample
14,2026-02-19T17:30,0,,sample
14,2026-02-20T08:30,0,,sample
14,2026-02-20T09:30,0,,sample
14,2026-02-20T10:30,0,,sample
14,2026-02-20T11:30,0,,sample
14,2026-02-20T12:30,0,,sample
14,2026-02-20T13:30,1,90,sample
14,2026-02-20T14:30,1,90,sample
14,2026-02-20T15:30,0,,sample
14,2026-02-20T16:30,0,,sample
14,2026-02-20T17:30,0,,sample
15,2026-02-02T08:30,0,,sample
15,2026-02-02T09:30,0,,sample
15,2026-02-02T10:30,0,,sample
15,2026-02-02T11:30,0,,sample
15,2026-02-02T12:30,0,,sample
15,2026-02-02T13:30,1,60,sample
15,2026-02-02T14:30,1,45,sample
15,2026-02-02T15:30,0,,sample
15,2026-02-02T16:30,1,90,sample
15,2026-02-02T17:30,0,,sample
15,2026-02-03T08:30,0,,sample
15,2026-02-03T09:30,1,120,sample
15,2026-02-03T10:30,1,180,sample
15,2026-02-03T11:30,1,60,sample
15,2026-02-03T12:30,0,,sample
15,2026-02-03T13:30,0,,sample
15,2026-02-03T14:30,0,,sample
15,2026-02-03T15:30,0,,sample
15,2026-02-03T16:30,0,,sample
15,2026-02-03T17:30,0,,sample
15,2026-02-04T08:30,1,90,sample
15,2026-02-04T09:30,0,,sample
15,2026-02-04T10:30,0,,sample
15,2026-02-04T11:30,0,,sample
15,2026-02-04T12:30,1,120,sample
15,2026-02-04T13:30,0,,sample
15,2026-02-04T14:30,0,,sample
15,2026-02-04T15:30,0,,sample
15,2026-02-04T16:30,1,15,sample
15,2026-02-04T17:30,0,,sample
15,2026-02-05T08:30,1,180,sample
15,2026-02-05T09:30,0,,sample
15,2026-02-05T10:30,1,60,sample
15,2026-02-05T11:30,1,120,sample
15,2026-02-05T12:30,0,,sample
15,2026-02-05T13:30,0,,sample
15,2026-02-05T14:30,0,,sample
15,2026-02-05T15:30,0,,sample
15,2026-02-05T16:30,1,30,sample
15,2026-02-05T17:30,0,,sample
15,2026-02-06T08:30,0,,sample
15,2026-02-06T09:30,0,,sample
15,2026-02-06T10:30,1,120,sample
15,2026-02-06T11:30,0,,sample
15,2026-02-06T12:30,0,,sample
15,2026-02-06T13:30,0,,sample
15,2026-02-06T14:30,0,,sample
15,2026-02-06T15:30,0,,sample
15,2026-02-06T16:30,0,,sample
15,2026-02-06T17:30,1,45,sample
15,2026-02-09T08:30,0,,sample
15,2026-02-09T09:30,0,,sample
15,2026-02-09T10:30,0,,sample
15,2026-02-09T11:30,1,60,sample
15,2026-02-09T12:30,0,,sample
15,2026-02-09T13:30,0,,sample
15,2026-02-09T14:30,0,,sample
15,2026-02-09T15:30,0,,sample
15,2026-02-09T16:30,0,,sample
15,2026-02-09T17:30,0,,sample
15,2026-02-10T08:30,1,60,sample
15,2026-02-10T09:30,0,,sample
15,2026-02-10T10:30,0,,sample
15,2026-02-10T11:30,0,,sample
15,2026-02-10T12:30,0,,sample
15,2026-02-10T13:30,0,,sample
15,2026-02-10T14:30,0,,sample
15,2026-02-10T15:30,0,,sample
15,2026-02-10T16:30,0,,sample
15,2026-02-10T17:30,0,,sample
15,2026-02-11T08:30,0,,sample
15,2026-02-11T09:30,1,60,sample
15,2026-02-11T10:30,1,60,sample
15,2026-02-11T11:30,1,45,sample
15,2026-02-11T12:30,0,,sample
15,2026-02-11T13:30,0,,sample
15,2026-02-11T14:30,1,30,sample
15,2026-02-11T15:30,1,45,sample
15,2026-02-11T16:30,0,,sample
15,2026-02-11T17:30,0,,sample
15,2026-02-12T08:30,0,,sample
15,2026-02-12T09:30,0,,sample
15,2026-02-12T10:30,1,60,sample
15,2026-02-12T11:30,0,,sample
15,2026-02-12T12:30,0,,sample
15,2026-02-12T13:30,0,,sample
15,2026-02-12T14:30,0,,sample
15,2026-02-12T15:30,0,,sample
15,2026-02-12T16:30,1,30,sample
15,2026-02-12T17:30,0,,sample
15,2026-02-13T08:30,0,,sample
15,2026-02-13T09:30,0,,sample
15,2026-02-13T10:30,0,,sample
15,2026-02-13T11:30,1,60,sample
15,2026-02-13T12:30,0,,sample
15,2026-02-13T13:30,0,,sample
15,2026-02-13T14:30,0,,sample
15,2026-02-13T15:30,0,,sample
15,2026-02-13T16:30,0,,sample
15,2026-02-13T17:30,0,,sample
15,2026-02-16T08:30,0,,sample
15,2026-02-16T09:30,1,45,sample
15,2026-02-16T10:30,0,,sample
15,2026-02-16T11:30,0,,sample
15,2026-02-16T12:30,0,,sample
15,2026-02-16T13:30,1,120,sample
15,2026-02-16T14:30,0,,sample
15,2026-02-16T15:30,1,120,sample
15,2026-02-16T16:30,0,,sample
15,2026-02-16T17:30,1,15,sample
15,2026-02-17T08:30,0,,sample
15,2026-02-17T09:30,0,,sample
15,2026-02-17T10:30,0,,sample
15,2026-02-17T11:30,0,,sample
15,2026-02-17T12:30,0,,sample
15,2026-02-17T13:30,0,,sample
15,2026-02-17T14:30,0,,sample
15,2026-02-17T15:30,0,,sample
15,2026-02-17T16:30,0,,sample
15,2026-02-17T17:30,0,,sample
15,2026-02-18T08:30,1,60,sample
15,2026-02-18T09:30,0,,sample
15,2026-02-18T10:30,0,,sample
15,2026-02-18T11:30,1,30,sample
15,2026-02-18T12:30,0,,sample
15,2026-02-18T13:30,0,,sample
15,2026-02-18T14:30,0,,sample
15,2026-02-18T15:30,1,45,sample
15,2026-02-18T16:30,0,,sample
15,2026-02-18T17:30,1,15,sample
15,2026-02-19T08:30,0,,sample
15,2026-02-19T09:30,0,,sample
15,2026-02-19T10:30,0,,sample
15,2026-02-19T11:30,0,,sample
15,2026-02-19T12:30,1,60,sample
15,2026-02-19T13:30,1,45,sample
15,2026-02-19T14:30,0,,sample
15,2026-02-19T15:30,0,,sample
15,2026-02-19T16:30,0,,sample
15,2026-02-19T17:30,0,,sample
15,2026-02-20T08:30,0,,sample
15,2026-02-20T09:30,0,,sample
15,2026-02-20T10:30,0,,sample
15,2026-02-20T11:30,0,,sample
15,2026-02-20T12:30,0,,sample
15,2026-02-20T13:30,0,,sample
15,2026-02-20T14:30,0,,sample
15,2026-02-20T15:30,0,,sample
15,2026-02-20T16:30,0,,sample
15,2026-02-20T17:30,0,,sample
16,2026-02-02T08:30,1,30,sample
16,2026-02-02T09:30,0,,sample
16,2026-02-02T10:30,0,,sample
16,2026-02-02T11:30,0,,sample
16,2026-02-02T12:30,0,,sample
16,2026-02-02T13:30,0,,sample
16,2026-02-02T14:30,0,,sample
16,2026-02-02T15:30,0,,sample
16,2026-02-02T16:30,1,30,sample
16,2026-02-02T17:30,0,,sample
16,2026-02-03T08:30,0,,sample
16,2026-02-03T09:30,0,,sample
16,2026-02-03T10:30,0,,sample
16,2026-02-03T11:30,1,45,sample
16,2026-02-03T12:30,0,,sample
16,2026-02-03T13:30,1,90,sample
16,2026-02-03T14:30,0,,sample
16,2026-02-03T15:30,0,,sample
16,2026-02-03T16:30,1,45,sample
16,2026-02-03T17:30,0,,sample
16,2026-02-04T08:30,0,,sample
16,2026-02-04T09:30,0,,sample
16,2026-02-04T10:30,0,,sample
16,2026-02-04T11:30,0,,sample
16,2026-02-04T12:30,0,,sample
16,2026-02-04T13:30,0,,sample
16,2026-02-04T14:30,0,,sample
16,2026-02-04T15:30,0,,sample
16,2026-02-04T16:30,0,,sample
16,2026-02-04T17:30,0,,sample
16,2026-02-05T08:30,1,60,sample
16,2026-02-05T09:30,0,,sample
16,2026-02-05T10:30,0,,sample
16,2026-02-05T11:30,0,,sample
16,2026-02-05T12:30,0,,sample
16,2026-02-05T13:30,0,,sample
16,2026-02-05T14:30,0,,sample
16,2026-02-05T15:30,0,,sample
16,2026-02-05T16:30,0,,sample
16,2026-02-05T17:30,0,,sample
16,2026-02-06T08:30,0,,sample
16,2026-02-06T09:30,0,,sample
16,2026-02-06T10:30,0,,sample
16,2026-02-06T11:30,0,,sample
16,2026-02-06T12:30,0,,sample
16,2026-02-06T13:30,0,,sample
16,2026-02-06T14:30,0,,sample
16,2026-02-06T15:30,1,180,sample
16,2026-02-06T16:30,0,,sample
16,2026-02-06T17:30,0,,sample
16,2026-02-09T08:30,0,,sample
16,2026-02-09T09:30,0,,sample
16,2026-02-09T10:30,1,30,sample
16,2026-02-09T11:30,0,,sample
16,2026-02-09T12:30,0,,sample
16,2026-02-09T13:30,0,,sample
16,2026-02-09T14:30,0,,sample
16,2026-02-09T15:30,0,,sample
16,2026-02-09T16:30,0,,sample
16,2026-02-09T17:30,0,,sample
16,2026-02-10T08:30,0,,sample
16,2026-02-10T09:30,0,,sample
16,2026-02-10T10:30,0,,sample
16,2026-02-10T11:30,0,,sample
16,2026-02-10T12:30,0,,sample
16,2026-02-10T13:30,1,60,sample
16,2026-02-10T14:30,1,60,sample
16,2026-02-10T15:30,0,,sample
16,2026-02-10T16:30,0,,sample
16,2026-02-10T17:30,0,,sample
16,2026-02-11T08:30,0,,sample
16,2026-02-11T09:30,1,30,sample
16,2026-02-11T10:30,0,,sample
16,2026-02-11T11:30,0,,sample
16,2026-02-11T12:30,1,60,sample
16,2026-02-11T13:30,0,,sample
16,2026-02-11T14:30,0,,sample
16,2026-02-11T15:30,0,,sample
16,2026-02-11T16:30,0,,sample
16,2026-02-11T17:30,0,,sample
16,2026-02-12T08:30,0,,sample
16,2026-02-12T09:30,0,,sample
16,2026-02-12T10:30,0,,sample
16,2026-02-12T11:30,0,,sample
16,2026-02-12T12:30,0,,sample
16,2026-02-12T13:30,0,,sample
16,2026-02-12T14:30,1,120,sample
16,2026-02-12T15:30,0,,sample
16,2026-02-12T16:30,1,30,sample
16,2026-02-12T17:30,0,,sample
16,2026-02-13T08:30,0,,sample
16,2026-02-13T09:30,0,,sample
16,2026-02-13T10:30,0,,sample
16,2026-02-13T11:30,1,90,sample
16,2026-02-13T12:30,0,,sample
16,2026-02-13T13:30,1,60,sample
16,2026-02-13T14:30,1,45,sample
16,2026-02-13T15:30,0,,sample
16,2026-02-13T16:30,0,,sample
16,2026-02-13T17:30,0,,sample
16,2026-02-16T08:30,0,,sample
16,2026-02-16T09:30,0,,sample
16,2026-02-16T10:30,0,,sample
16,2026-02-16T11:30,0,,sample
16,2026-02-16T12:30,0,,sample
16,2026-02-16T13:30,0,,sample
16,2026-02-16T14:30,1,30,sample
16,2026-02-16T15:30,0,,sample
16,2026-02-16T16:30,0,,sample
16,2026-02-16T17:30,0,,sample
16,2026-02-17T08:30,0,,sample
16,2026-02-17T09:30,0,,sample
16,2026-02-17T10:30,1,45,sample
16,2026-02-17T11:30,0,,sample
16,2026-02-17T12:30,1,90,sample
16,2026-02-17T13:30,0,,sample
16,2026-02-17T14:30,0,,sample
16,2026-02-17T15:30,1,30,sample
16,2026-02-17T16:30,0,,sample
16,2026-02-17T17:30,0,,sample
16,2026-02-18T08:30,0,,sample
16,2026-02-18T09:30,0,,sample
16,2026-02-18T10:30,0,,sample
16,2026-02-18T11:30,0,,sample
16,2026-02-18T12:30,1,45,sample
16,2026-02-18T13:30,0,,sample
16,2026-02-18T14:30,0,,sample
16,2026-02-18T15:30,0,,sample
16,2026-02-18T16:30,0,,sample
16,2026-02-18T17:30,0,,sample
16,2026-02-19T08:30,1,60,sample
16,2026-02-19T09:30,0,,sample
16,2026-02-19T10:30,0,,sample
16,2026-02-19T11:30,0,,sample
16,2026-02-19T12:30,0,,sample
16,2026-02-19T13:30,0,,sample
16,2026-02-19T14:30,1,60,sample
16,2026-02-19T15:30,0,,sample
16,2026-02-19T16:30,0,,sample
16,2026-02-19T17:30,0,,sample
16,2026-02-20T08:30,0,,sample
16,2026-02-20T09:30,1,120,sample
16,2026-02-20T10:30,0,,sample
16,2026-02-20T11:30,0,,sample
16,2026-02-20T12:30,0,,sample
16,2026-02-20T13:30,0,,sample
16,2026-02-20T14:30,0,,sample
16,2026-02-20T15:30,0,,sample
16,2026-02-20T16:30,0,,sample
16,2026-02-20T17:30,0,,sample
17,2026-02-02T08:30,0,,sample
17,2026-02-02T09:30,1,45,sample
17,2026-02-02T10:30,0,,sample
17,2026-02-02T11:30,1,15,sample
17,2026-02-02T12:30,0,,sample
17,2026-02-02T13:30,0,,sample
17,2026-02-02T14:30,1,60,sample
17,2026-02-02T15:30,0,,sample
17,2026-02-02T16:30,0,,sample
17,2026-02-02T17:30,1,30,sample
17,2026-02-03T08:30,0,,sample
17,2026-02-03T09:30,0,,sample
17,2026-02-03T10:30,1,15,sample
17,2026-02-03T11:30,1,45,sample
17,2026-02-03T12:30,0,,sample
17,2026-02-03T13:30,1,60,sample
17,2026-02-03T14:30,0,,sample
17,2026-02-03T15:30,1,15,sample
17,2026-02-03T16:30,0,,sample
17,2026-02-03T17:30,0,,sample
17,2026-02-04T08:30,0,,sample
17,2026-02-04T09:30,1,30,sample
17,2026-02-04T10:30,0,,sample
17,2026-02-04T11:30,0,,sample
17,2026-02-04T12:30,0,,sample
17,2026-02-04T13:30,1,30,sample
17,2026-02-04T14:30,0,,sample
17,2026-02-04T15:30,0,,sample
17,2026-02-04T16:30,1,45,sample
17,2026-02-04T17:30,1,15,sample
17,2026-02-05T08:30,0,,sample
17,2026-02-05T09:30,0,,sample
17,2026-02-05T10:30,1,30,sample
17,2026-02-05T11:30,0,,sample
17,2026-02-05T12:30,0,,sample
17,2026-02-05T13:30,0,,sample
17,2026-02-05T14:30,0,,sample
17,2026-02-05T15:30,0,,sample
17,2026-02-05T16:30,0,,sample
17,2026-02-05T17:30,0,,sample
17,2026-02-06T08:30,0,,sample
17,2026-02-06T09:30,0,,sample
17,2026-02-06T10:30,0,,sample
17,2026-02-06T11:30,0,,sample
17,2026-02-06T12:30,0,,sample
17,2026-02-06T13:30,0,,sample
17,2026-02-06T14:30,0,,sample
17,2026-02-06T15:30,0,,sample
17,2026-02-06T16:30,0,,sample
17,2026-02-06T17:30,0,,sample
17,2026-02-09T08:30,0,,sample
17,2026-02-09T09:30,0,,sample
17,2026-02-09T10:30,0,,sample
17,2026-02-09T11:30,0,,sample
17,2026-02-09T12:30,0,,sample
17,2026-02-09T13:30,0,,sample
17,2026-02-09T14:30,0,,sample
17,2026-02-09T15:30,0,,sample
17,2026-02-09T16:30,0,,sample
17,2026-02-09T17:30,0,,sample
17,2026-02-10T08:30,1,60,sample
17,2026-02-10T09:30,1,15,sample
17,2026-02-10T10:30,1,45,sample
17,2026-02-10T11:30,0,,sample
17,2026-02-10T12:30,0,,sample
17,2026-02-10T13:30,0,,sample
17,2026-02-10T14:30,0,,sample
17,2026-02-10T15:30,0,,sample
17,2026-02-10T16:30,0,,sample
17,2026-02-10T17:30,0,,sample
17,2026-02-11T08:30,0,,sample
17,2026-02-11T09:30,0,,sample
17,2026-02-11T10:30,0,,sample
17,2026-02-11T11:30,1,60,sample
17,2026-02-11T12:30,0,,sample
17,2026-02-11T13:30,0,,sample
17,2026-02-11T14:30,1,30,sample
17,2026-02-11T15:30,0,,sample
17,2026-02-11T16:30,1,60,sample
17,2026-02-11T17:30,0,,sample
17,2026-02-12T08:30,0,,sample
17,2026-02-12T09:30,0,,sample
17,2026-02-12T10:30,1,90,sample
17,2026-02-12T11:30,0,,sample
17,2026-02-12T12:30,1,90,sample
17,2026-02-12T13:30,0,,sample
17,2026-02-12T14:30,1,90,sample
17,2026-02-12T15:30,1,60,sample
17,2026-02-12T16:30,0,,sample
17,2026-02-12T17:30,0,,sample
17,2026-02-13T08:30,0,,sample
17,2026-02-13T09:30,0,,sample
17,2026-02-13T10:30,1,60,sample
17,2026-02-13T11:30,0,,sample
17,2026-02-13T12:30,0,,sample
17,2026-02-13T13:30,0,,sample
17,2026-02-13T14:30,0,,sample
17,2026-02-13T15:30,0,,sample
17,2026-02-13T16:30,0,,sample
17,2026-02-13T17:30,0,,sample
17,2026-02-16T08:30,0,,sample
17,2026-02-16T09:30,0,,sample
17,2026-02-16T10:30,0,,sample
17,2026-02-16T11:30,1,45,sample
17,2026-02-16T12:30,0,,sample
17,2026-02-16T13:30,0,,sample
17,2026-02-16T14:30,0,,sample
17,2026-02-16T15:30,0,,sample
17,2026-02-16T16:30,0,,sample
17,2026-02-16T17:30,0,,sample
17,2026-02-17T08:30,1,60,sample
17,2026-02-17T09:30,0,,sample
17,2026-02-17T10:30,1,90,sample
17,2026-02-17T11:30,0,,sample
17,2026-02-17T12:30,0,,sample
17,2026-02-17T13:30,0,,sample
17,2026-02-17T14:30,1,30,sample
17,2026-02-17T15:30,0,,sample
17,2026-02-17T16:30,0,,sample
17,2026-02-17T17:30,1,15,sample
17,2026-02-18T08:30,0,,sample
17,2026-02-18T09:30,0,,sample
17,2026-02-18T10:30,1,30,sample
17,2026-02-18T11:30,0,,sample
17,2026-02-18T12:30,0,,sample
17,2026-02-18T13:30,0,,sample
17,2026-02-18T14:30,1,30,sample
17,2026-02-18T15:30,1,30,sample
17,2026-02-18T16:30,0,,sample
17,2026-02-18T17:30,0,,sample
17,2026-02-19T08:30,0,,sample
17,2026-02-19T09:30,0,,sample
17,2026-02-19T10:30,1,60,sample
17,2026-02-19T11:30,0,,sample
17,2026-02-19T12:30,0,,sample
17,2026-02-19T13:30,0,,sample
17,2026-02-19T14:30,1,60,sample
17,2026-02-19T15:30,0,,sample
17,2026-02-19T16:30,0,,sample
17,2026-02-19T17:30,1,15,sample
17,2026-02-20T08:30,0,,sample
17,2026-02-20T09:30,0,,sample
17,2026-02-20T10:30,1,45,sample
17,2026-02-20T11:30,0,,sample
17,2026-02-20T12:30,1,60,sample
17,2026-02-20T13:30,1,15,sample
17,2026-02-20T14:30,0,,sample
17,2026-02-20T15:30,1,60,sample
17,2026-02-20T16:30,0,,sample
17,2026-02-20T17:30,0,,sample
18,2026-02-02T08:30,0,,sample
18,2026-02-02T09:30,0,,sample
18,2026-02-02T10:30,0,,sample
18,2026-02-02T11:30,0,,sample
18,2026-02-02T12:30,0,,sample
18,2026-02-02T13:30,0,,sample
18,2026-02-02T14:30,0,,sample
18,2026-02-02T15:30,0,,sample
18,2026-02-02T16:30,0,,sample
18,2026-02-02T17:30,0,,sample
18,2026-02-03T08:30,0,,sample
18,2026-02-03T09:30,0,,sample
18,2026-02-03T10:30,0,,sample
18,2026-02-03T11:30,1,15,sample
18,2026-02-03T12:30,0,,sample
18,2026-02-03T13:30,1,30,sample
18,2026-02-03T14:30,1,60,sample
18,2026-02-03T15:30,1,30,sample
18,2026-02-03T16:30,0,,sample
18,2026-02-03T17:30,0,,sample
18,2026-02-04T08:30,0,,sample
18,2026-02-04T09:30,0,,sample
18,2026-02-04T10:30,1,45,sample
18,2026-02-04T11:30,1,90,sample
18,2026-02-04T12:30,1,90,sample
18,2026-02-04T13:30,1,60,sample
18,2026-02-04T14:30,1,15,sample
18,2026-02-04T15:30,0,,sample
18,2026-02-04T16:30,1,30,sample
18,2026-02-04T17:30,0,,sample
18,2026-02-05T08:30,0,,sample
18,2026-02-05T09:30,1,60,sample
18,2026-02-05T10:30,0,,sample
18,2026-02-05T11:30,0,,sample
18,2026-02-05T12:30,0,,sample
18,2026-02-05T13:30,0,,sample
18,2026-02-05T14:30,0,,sample
18,2026-02-05T15:30,0,,sample
18,2026-02-05T16:30,0,,sample
18,2026-02-05T17:30,0,,sample
18,2026-02-06T08:30,0,,sample
18,2026-02-06T09:30,0,,sample
18,2026-02-06T10:30,0,,sample
18,2026-02-06T11:30,0,,sample
18,2026-02-06T12:30,0,,sample
18,2026-02-06T13:30,0,,sample
18,2026-02-06T14:30,0,,sample
18,2026-02-06T15:30,0,,sample
18,2026-02-06T16:30,0,,sample
18,2026-02-06T17:30,0,,sample
18,2026-02-09T08:30,0,,sample
18,2026-02-09T09:30,1,60,sample
18,2026-02-09T10:30,1,30,sample
18,2026-02-09T11:30,0,,sample
18,2026-02-09T12:30,1,90,sample
18,2026-02-09T13:30,1,90,sample
18,2026-02-09T14:30,0,,sample
18,2026-02-09T15:30,0,,sample
18,2026-02-09T16:30,0,,sample
18,2026-02-09T17:30,0,,sample
18,2026-02-10T08:30,0,,sample
18,2026-02-10T09:30,0,,sample
18,2026-02-10T10:30,0,,sample
18,2026-02-10T11:30,0,,sample
18,2026-02-10T12:30,0,,sample
18,2026-02-10T13:30,0,,sample
18,2026-02-10T14:30,0,,sample
18,2026-02-10T15:30,1,60,sample
18,2026-02-10T16:30,0,,sample
18,2026-02-10T17:30,0,,sample
18,2026-02-11T08:30,0,,sample
18,2026-02-11T09:30,1,90,sample
18,2026-02-11T10:30,0,,sample
18,2026-02-11T11:30,1,30,sample
18,2026-02-11T12:30,0,,sample
18,2026-02-11T13:30,1,30,sample
18,2026-02-11T14:30,0,,sample
18,2026-02-11T15:30,0,,sample
18,2026-02-11T16:30,0,,sample
18,2026-02-11T17:30,1,30,sample
18,2026-02-12T08:30,1,30,sample
18,2026-02-12T09:30,1,30,sample
18,2026-02-12T10:30,0,,sample
18,2026-02-12T11:30,1,90,sample
18,2026-02-12T12:30,0,,sample
18,2026-02-12T13:30,0,,sample
18,2026-02-12T14:30,0,,sample
18,2026-02-12T15:30,0,,sample
18,2026-02-12T16:30,0,,sample
18,2026-02-12T17:30,0,,sample
18,2026-02-13T08:30,0,,sample
18,2026-02-13T09:30,0,,sample
18,2026-02-13T10:30,1,15,sample
18,2026-02-13T11:30,1,60,sample
18,2026-02-13T12:30,0,,sample
18,2026-02-13T13:30,1,60,sample
18,2026-02-13T14:30,0,,sample
18,2026-02-13T15:30,0,,sample
18,2026-02-13T16:30,0,,sample
18,2026-02-13T17:30,0,,sample
18,2026-02-16T08:30,0,,sample
18,2026-02-16T09:30,1,90,sample
18,2026-02-16T10:30,0,,sample
18,2026-02-16T11:30,0,,sample
18,2026-02-16T12:30,0,,sample
18,2026-02-16T13:30,1,45,sample
18,2026-02-16T14:30,0,,sample
18,2026-02-16T15:30,0,,sample
18,2026-02-16T16:30,0,,sample
18,2026-02-16T17:30,0,,sample
18,2026-02-17T08:30,0,,sample
18,2026-02-17T09:30,0,,sample
18,2026-02-17T10:30,1,60,sample
18,2026-02-17T11:30,0,,sample
18,2026-02-17T12:30,0,,sample
18,2026-02-17T13:30,0,,sample
18,2026-02-17T14:30,0,,sample
18,2026-02-17T15:30,1,90,sample
18,2026-02-17T16:30,1,90,sample
18,2026-02-17T17:30,0,,sample
18,2026-02-18T08:30,0,,sample
18,2026-02-18T09:30,0,,sample
18,2026-02-18T10:30,0,,sample
18,2026-02-18T11:30,1,30,sample
18,2026-02-18T12:30,0,,sample
18,2026-02-18T13:30,0,,sample
18,2026-02-18T14:30,1,30,sample
18,2026-02-18T15:30,0,,sample
18,2026-02-18T16:30,0,,sample
18,2026-02-18T17:30,1,30,sample
18,2026-02-19T08:30,0,,sample
18,2026-02-19T09:30,0,,sample
18,2026-02-19T10:30,1,45,sample
18,2026-02-19T11:30,0,,sample
18,2026-02-19T12:30,0,,sample
18,2026-02-19T13:30,0,,sample
18,2026-02-19T14:30,0,,sample
18,2026-02-19T15:30,0,,sample
18,2026-02-19T16:30,0,,sample
18,2026-02-19T17:30,0,,sample
18,2026-02-20T08:30,1,30,sample
18,2026-02-20T09:30,0,,sample
18,2026-02-20T10:30,0,,sample
18,2026-02-20T11:30,0,,sample
18,2026-02-20T12:30,0,,sample
18,2026-02-20T13:30,0,,sample
18,2026-02-20T14:30,1,30,sample
18,2026-02-20T15:30,0,,sample
18,2026-02-20T16:30,0,,sample
18,2026-02-20T17:30,0,,sample
19,2026-02-02T08:30,0,,sample
19,2026-02-02T09:30,1,45,sample
19,2026-02-02T10:30,0,,sample
19,2026-02-02T11:30,1,60,sample
19,2026-02-02T12:30,1,30,sample
19,2026-02-02T13:30,0,,sample
19,2026-02-02T14:30,0,,sample
19,2026-02-02T15:30,0,,sample
19,2026-02-02T16:30,0,,sample
19,2026-02-02T17:30,0,,sample
19,2026-02-03T08:30,0,,sample
19,2026-02-03T09:30,0,,sample
19,2026-02-03T10:30,1,30,sample
19,2026-02-03T11:30,0,,sample
19,2026-02-03T12:30,0,,sample
19,2026-02-03T13:30,0,,sample
19,2026-02-03T14:30,0,,sample
19,2026-02-03T15:30,1,15,sample
19,2026-02-03T16:30,0,,sample
19,2026-02-03T17:30,0,,sample
19,2026-02-04T08:30,0,,sample
19,2026-02-04T09:30,0,,sample
19,2026-02-04T10:30,0,,sample
19,2026-02-04T11:30,1,30,sample
19,2026-02-04T12:30,0,,sample
19,2026-02-04T13:30,0,,sample
19,2026-02-04T14:30,0,,sample
19,2026-02-04T15:30,1,30,sample
19,2026-02-04T16:30,0,,sample
19,2026-02-04T17:30,0,,sample
19,2026-02-05T08:30,0,,sample
19,2026-02-05T09:30,0,,sample
19,2026-02-05T10:30,0,,sample
19,2026-02-05T11:30,0,,sample
19,2026-02-05T12:30,0,,sample
19,2026-02-05T13:30,0,,sample
19,2026-02-05T14:30,1,45,sample
19,2026-02-05T15:30,0,,sample
19,2026-02-05T16:30,0,,sample
19,2026-02-05T17:30,0,,sample
19,2026-02-06T08:30,0,,sample
19,2026-02-06T09:30,0,,sample
19,2026-02-06T10:30,1,30,sample
19,2026-02-06T11:30,0,,sample
19,2026-02-06T12:30,0,,sample
19,2026-02-06T13:30,0,,sample
19,2026-02-06T14:30,0,,sample
19,2026-02-06T15:30,0,,sample
19,2026-02-06T16:30,0,,sample
19,2026-02-06T17:30,0,,sample
19,2026-02-09T08:30,1,30,sample
19,2026-02-09T09:30,1,30,sample
19,2026-02-09T10:30,1,45,sample
19,2026-02-09T11:30,0,,sample
19,2026-02-09T12:30,1,90,sample
19,2026-02-09T13:30,1,45,sample
19,2026-02-09T14:30,0,,sample
19,2026-02-09T15:30,0,,sample
19,2026-02-09T16:30,1,30,sample
19,2026-02-09T17:30,0,,sample
19,2026-02-10T08:30,0,,sample
19,2026-02-10T09:30,0,,sample
19,2026-02-10T10:30,0,,sample
19,2026-02-10T11:30,0,,sample
19,2026-02-10T12:30,0,,sample
19,2026-02-10T13:30,1,15,sample
19,2026-02-10T14:30,0,,sample
19,2026-02-10T15:30,0,,sample
19,2026-02-10T16:30,0,,sample
19,2026-02-10T17:30,1,15,sample
19,2026-02-11T08:30,0,,sample
19,2026-02-11T09:30,0,,sample
19,2026-02-11T10:30,0,,sample
19,2026-02-11T11:30,0,,sample
19,2026-02-11T12:30,0,,sample
19,2026-02-11T13:30,0,,sample
19,2026-02-11T14:30,1,30,sample
19,2026-02-11T15:30,0,,sample
19,2026-02-11T16:30,0,,sample
19,2026-02-11T17:30,0,,sample
19,2026-02-12T08:30,1,60,sample
19,2026-02-12T09:30,0,,sample
19,2026-02-12T10:30,0,,sample
19,2026-02-12T11:30,0,,sample
19,2026-02-12T12:30,0,,sample
19,2026-02-12T13:30,1,90,sample
19,2026-02-12T14:30,1,45,sample
19,2026-02-12T15:30,0,,sample
19,2026-02-12T16:30,0,,sample
19,2026-02-12T17:30,1,60,sample
19,2026-02-13T08:30,0,,sample
19,2026-02-13T09:30,0,,sample
19,2026-02-13T10:30,0,,sample
19,2026-02-13T11:30,0,,sample
19,2026-02-13T12:30,1,30,sample
19,2026-02-13T13:30,1,60,sample
19,2026-02-13T14:30,1,30,sample
19,2026-02-13T15:30,0,,sample
19,2026-02-13T16:30,0,,sample
19,2026-02-13T17:30,0,,sample
19,2026-02-16T08:30,0,,sample
19,2026-02-16T09:30,1,30,sample
19,2026-02-16T10:30,1,15,sample
19,2026-02-16T11:30,0,,sample
19,2026-02-16T12:30,1,45,sample
19,2026-02-16T13:30,0,,sample
19,2026-02-16T14:30,0,,sample
19,2026-02-16T15:30,0,,sample
19,2026-02-16T16:30,0,,sample
19,2026-02-16T17:30,0,,sample
19,2026-02-17T08:30,1,60,sample
19,2026-02-17T09:30,0,,sample
19,2026-02-17T10:30,0,,sample
19,2026-02-17T11:30,0,,sample
19,2026-02-17T12:30,0,,sample
19,2026-02-17T13:30,0,,sample
19,2026-02-17T14:30,1,90,sample
19,2026-02-17T15:30,0,,sample
19,2026-02-17T16:30,0,,sample
19,2026-02-17T17:30,0,,sample
19,2026-02-18T08:30,0,,sample
19,2026-02-18T09:30,0,,sample
19,2026-02-18T10:30,0,,sample
19,2026-02-18T11:30,0,,sample
19,2026-02-18T12:30,0,,sample
19,2026-02-18T13:30,0,,sample
19,2026-02-18T14:30,0,,sample
19,2026-02-18T15:30,1,30,sample
19,2026-02-18T16:30,0,,sample
19,2026-02-18T17:30,0,,sample
19,2026-02-19T08:30,0,,sample
19,2026-02-19T09:30,1,45,sample
19,2026-02-19T10:30,1,90,sample
19,2026-02-19T11:30,0,,sample
19,2026-02-19T12:30,0,,sample
19,2026-02-19T13:30,0,,sample
19,2026-02-19T14:30,0,,sample
19,2026-02-19T15:30,0,,sample
19,2026-02-19T16:30,0,,sample
19,2026-02-19T17:30,0,,sample
19,2026-02-20T08:30,0,,sample
19,2026-02-20T09:30,1,30,sample
19,2026-02-20T10:30,1,30,sample
19,2026-02-20T11:30,0,,sample
19,2026-02-20T12:30,1,30,sample
19,2026-02-20T13:30,1,45,sample
19,2026-02-20T14:30,0,,sample
19,2026-02-20T15:30,0,,sample
19,2026-02-20T16:30,0,,sample
19,2026-02-20T17:30,0,,sample
20,2026-02-02T08:30,0,,sample
20,2026-02-02T09:30,0,,sample
20,2026-02-02T10:30,0,,sample
20,2026-02-02T11:30,0,,sample
20,2026-02-02T12:30,0,,sample
20,2026-02-02T13:30,0,,sample
20,2026-02-02T14:30,0,,sample
20,2026-02-02T15:30,0,,sample
20,2026-02-02T16:30,0,,sample
20,2026-02-02T17:30,0,,sample
20,2026-02-03T08:30,0,,sample
20,2026-02-03T09:30,0,,sample
20,2026-02-03T10:30,0,,sample
20,2026-02-03T11:30,0,,sample
20,2026-02-03T12:30,0,,sample
20,2026-02-03T13:30,0,,sample
20,2026-02-03T14:30,0,,sample
20,2026-02-03T15:30,1,45,sample
20,2026-02-03T16:30,1,30,sample
20,2026-02-03T17:30,0,,sample
20,2026-02-04T08:30,0,,sample
20,2026-02-04T09:30,0,,sample
20,2026-02-04T10:30,1,30,sample
20,2026-02-04T11:30,0,,sample
20,2026-02-04T12:30,0,,sample
20,2026-02-04T13:30,1,30,sample
20,2026-02-04T14:30,0,,sample
20,2026-02-04T15:30,0,,sample
20,2026-02-04T16:30,0,,sample
20,2026-02-04T17:30,0,,sample
20,2026-02-05T08:30,1,15,sample
20,2026-02-05T09:30,0,,sample
20,2026-02-05T10:30,0,,sample
20,2026-02-05T11:30,0,,sample
20,2026-02-05T12:30,0,,sample
20,2026-02-05T13:30,1,30,sample
20,2026-02-05T14:30,0,,sample
20,2026-02-05T15:30,0,,sample
20,2026-02-05T16:30,0,,sample
20,2026-02-05T17:30,1,90,sample
20,2026-02-06T08:30,0,,sample
20,2026-02-06T09:30,0,,sample
20,2026-02-06T10:30,1,60,sample
20,2026-02-06T11:30,0,,sample
20,2026-02-06T12:30,0,,sample
20,2026-02-06T13:30,0,,sample
20,2026-02-06T14:30,0,,sample
20,2026-02-06T15:30,0,,sample
20,2026-02-06T16:30,1,45,sample
20,2026-02-06T17:30,0,,sample
20,2026-02-09T08:30,0,,sample
20,2026-02-09T09:30,0,,sample
20,2026-02-09T10:30,0,,sample
20,2026-02-09T11:30,0,,sample
20,2026-02-09T12:30,0,,sample
20,2026-02-09T13:30,0,,sample
20,2026-02-09T14:30,0,,sample
20,2026-02-09T15:30,0,,sample
20,2026-02-09T16:30,0,,sample
20,2026-02-09T17:30,0,,sample
20,2026-02-10T08:30,0,,sample
20,2026-02-10T09:30,0,,sample
20,2026-02-10T10:30,0,,sample
20,2026-02-10T11:30,0,,sample
20,2026-02-10T12:30,1,90,sample
20,2026-02-10T13:30,0,,sample
20,2026-02-10T14:30,0,,sample
20,2026-02-10T15:30,0,,sample
20,2026-02-10T16:30,0,,sample
20,2026-02-10T17:30,0,,sample
20,2026-02-11T08:30,0,,sample
20,2026-02-11T09:30,1,60,sample
20,2026-02-11T10:30,0,,sample
20,2026-02-11T11:30,0,,sample
20,2026-02-11T12:30,0,,sample
20,2026-02-11T13:30,0,,sample
20,2026-02-11T14:30,0,,sample
20,2026-02-11T15:30,0,,sample
20,2026-02-11T16:30,1,30,sample
20,2026-02-11T17:30,0,,sample
20,2026-02-12T08:30,1,15,sample
20,2026-02-12T09:30,1,30,sample
20,2026-02-12T10:30,0,,sample
20,2026-02-12T11:30,1,60,sample
20,2026-02-12T12:30,1,15,sample
20,2026-02-12T13:30,0,,sample
20,2026-02-12T14:30,1,30,sample
20,2026-02-12T15:30,0,,sample
20,2026-02-12T16:30,0,,sample
20,2026-02-12T17:30,0,,sample
20,2026-02-13T08:30,0,,sample
20,2026-02-13T09:30,1,60,sample
20,2026-02-13T10:30,0,,sample
20,2026-02-13T11:30,0,,sample
20,2026-02-13T12:30,0,,sample
20,2026-02-13T13:30,0,,sample
20,2026-02-13T14:30,0,,sample
20,2026-02-13T15:30,0,,sample
20,2026-02-13T16:30,1,90,sample
20,2026-02-13T17:30,0,,sample
20,2026-02-16T08:30,0,,sample
20,2026-02-16T09:30,0,,sample
20,2026-02-16T10:30,1,60,sample
20,2026-02-16T11:30,0,,sample
20,2026-02-16T12:30,1,30,sample
20,2026-02-16T13:30,0,,sample
20,2026-02-16T14:30,1,90,sample
20,2026-02-16T15:30,0,,sample
20,2026-02-16T16:30,0,,sample
20,2026-02-16T17:30,1,30,sample
20,2026-02-17T08:30,0,,sample
20,2026-02-17T09:30,1,30,sample
20,2026-02-17T10:30,0,,sample
20,2026-02-17T11:30,1,30,sample
20,2026-02-17T12:30,1,30,sample
20,2026-02-17T13:30,0,,sample
20,2026-02-17T14:30,1,30,sample
20,2026-02-17T15:30,0,,sample
20,2026-02-17T16:30,0,,sample
20,2026-02-17T17:30,1,30,sample
20,2026-02-18T08:30,0,,sample
20,2026-02-18T09:30,0,,sample
20,2026-02-18T10:30,0,,sample
20,2026-02-18T11:30,0,,sample
20,2026-02-18T12:30,0,,sample
20,2026-02-18T13:30,1,90,sample
20,2026-02-18T14:30,0,,sample
20,2026-02-18T15:30,0,,sample
20,2026-02-18T16:30,0,,sample
20,2026-02-18T17:30,0,,sample
20,2026-02-19T08:30,0,,sample
20,2026-02-19T09:30,0,,sample
20,2026-02-19T10:30,1,60,sample
20,2026-02-19T11:30,1,30,sample
20,2026-02-19T12:30,1,60,sample
20,2026-02-19T13:30,0,,sample
20,2026-02-19T14:30,0,,sample
20,2026-02-19T15:30,1,30,sample
20,2026-02-19T16:30,0,,sample
20,2026-02-19T17:30,0,,sample
20,2026-02-20T08:30,0,,sample
20,2026-02-20T09:30,1,45,sample
20,2026-02-20T10:30,0,,sample
20,2026-02-20T11:30,0,,sample
20,2026-02-20T12:30,0,,sample
20,2026-02-20T13:30,0,,sample
20,2026-02-20T14:30,0,,sample
20,2026-02-20T15:30,0,,sample
20,2026-02-20T16:30,0,,sample
20,2026-02-20T17:30,0,,sample
21,2026-02-02T08:30,1,30,sample
21,2026-02-02T09:30,0,,sample
21,2026-02-02T10:30,1,90,sample
21,2026-02-02T11:30,1,60,sample
21,2026-02-02T12:30,0,,sample
21,2026-02-02T13:30,0,,sample
21,2026-02-02T14:30,0,,sample
21,2026-02-02T15:30,0,,sample
21,2026-02-02T16:30,0,,sample
21,2026-02-02T17:30,0,,sample
21,2026-02-03T08:30,1,30,sample
21,2026-02-03T09:30,0,,sample
21,2026-02-03T10:30,0,,sample
21,2026-02-03T11:30,0,,sample
21,2026-02-03T12:30,1,30,sample
21,2026-02-03T13:30,0,,sample
21,2026-02-03T14:30,1,45,sample
21,2026-02-03T15:30,0,,sample
21,2026-02-03T16:30,0,,sample
21,2026-02-03T17:30,0,,sample
21,2026-02-04T08:30,0,,sample
21,2026-02-04T09:30,0,,sample
21,2026-02-04T10:30,1,90,sample
21,2026-02-04T11:30,0,,sample
21,2026-02-04T12:30,1,120,sample
21,2026-02-04T13:30,1,45,sample
21,2026-02-04T14:30,1,90,sample
21,2026-02-04T15:30,0,,sample
21,2026-02-04T16:30,1,45,sample
21,2026-02-04T17:30,1,90,sample
21,2026-02-05T08:30,0,,sample
21,2026-02-05T09:30,0,,sample
21,2026-02-05T10:30,1,30,sample
21,2026-02-05T11:30,0,,sample
21,2026-02-05T12:30,0,,sample
21,2026-02-05T13:30,0,,sample
21,2026-02-05T14:30,1,120,sample
21,2026-02-05T15:30,1,60,sample
21,2026-02-05T16:30,1,60,sample
21,2026-02-05T17:30,0,,sample
21,2026-02-06T08:30,0,,sample
21,2026-02-06T09:30,0,,sample
21,2026-02-06T10:30,1,60,sample
21,2026-02-06T11:30,0,,sample
21,2026-02-06T12:30,1,120,sample
21,2026-02-06T13:30,0,,sample
21,2026-02-06T14:30,1,120,sample
21,2026-02-06T15:30,0,,sample
21,2026-02-06T16:30,0,,sample
21,2026-02-06T17:30,0,,sample
21,2026-02-09T08:30,1,45,sample
21,2026-02-09T09:30,0,,sample
21,2026-02-09T10:30,1,60,sample
21,2026-02-09T11:30,0,,sample
21,2026-02-09T12:30,1,60,sample
21,2026-02-09T13:30,0,,sample
21,2026-02-09T14:30,1,90,sample
21,2026-02-09T15:30,0,,sample
21,2026-02-09T16:30,0,,sample
21,2026-02-09T17:30,0,,sample
21,2026-02-10T08:30,0,,sample
21,2026-02-10T09:30,1,45,sample
21,2026-02-10T10:30,1,90,sample
21,2026-02-10T11:30,1,120,sample
21,2026-02-10T12:30,0,,sample
21,2026-02-10T13:30,1,45,sample
21,2026-02-10T14:30,0,,sample
21,2026-02-10T15:30,0,,sample
21,2026-02-10T16:30,1,45,sample
21,2026-02-10T17:30,0,,sample
21,2026-02-11T08:30,1,60,sample
21,2026-02-11T09:30,1,45,sample
21,2026-02-11T10:30,0,,sample
21,2026-02-11T11:30,0,,sample
21,2026-02-11T12:30,0,,sample
21,2026-02-11T13:30,1,30,sample
21,2026-02-11T14:30,1,120,sample
21,2026-02-11T15:30,1,60,sample
21,2026-02-11T16:30,0,,sample
21,2026-02-11T17:30,1,45,sample
21,2026-02-12T08:30,0,,sample
21,2026-02-12T09:30,1,90,sample
21,2026-02-12T10:30,0,,sample
21,2026-02-12T11:30,0,,sample
21,2026-02-12T12:30,1,45,sample
21,2026-02-12T13:30,1,120,sample
21,2026-02-12T14:30,1,60,sample
21,2026-02-12T15:30,1,60,sample
21,2026-02-12T16:30,1,30,sample
21,2026-02-12T17:30,1,30,sample
21,2026-02-13T08:30,0,,sample
21,2026-02-13T09:30,1,90,sample
21,2026-02-13T10:30,1,60,sample
21,2026-02-13T11:30,0,,sample
21,2026-02-13T12:30,0,,sample
21,2026-02-13T13:30,1,30,sample
21,2026-02-13T14:30,0,,sample
21,2026-02-13T15:30,0,,sample
21,2026-02-13T16:30,0,,sample
21,2026-02-13T17:30,1,30,sample
21,2026-02-16T08:30,1,60,sample
21,2026-02-16T09:30,1,60,sample
21,2026-02-16T10:30,1,60,sample
21,2026-02-16T11:30,1,90,sample
21,2026-02-16T12:30,0,,sample
21,2026-02-16T13:30,0,,sample
21,2026-02-16T14:30,1,60,sample
21,2026-02-16T15:30,0,,sample
21,2026-02-16T16:30,1,45,sample
21,2026-02-16T17:30,0,,sample
21,2026-02-17T08:30,0,,sample
21,2026-02-17T09:30,0,,sample
21,2026-02-17T10:30,1,120,sample
21,2026-02-17T11:30,1,120,sample
21,2026-02-17T12:30,0,,sample
21,2026-02-17T13:30,0,,sample
21,2026-02-17T14:30,0,,sample
21,2026-02-17T15:30,1,90,sample
21,2026-02-17T16:30,0,,sample
21,2026-02-17T17:30,0,,sample
21,2026-02-18T08:30,1,60,sample
21,2026-02-18T09:30,0,,sample
21,2026-02-18T10:30,1,120,sample
21,2026-02-18T11:30,0,,sample
21,2026-02-18T12:30,0,,sample
21,2026-02-18T13:30,1,120,sample
21,2026-02-18T14:30,1,90,sample
21,2026-02-18T15:30,1,90,sample
21,2026-02-18T16:30,0,,sample
21,2026-02-18T17:30,1,60,sample
21,2026-02-19T08:30,0,,sample
21,2026-02-19T09:30,1,60,sample
21,2026-02-19T10:30,1,45,sample
21,2026-02-19T11:30,1,30,sample
21,2026-02-19T12:30,0,,sample
21,2026-02-19T13:30,0,,sample
21,2026-02-19T14:30,1,60,sample
21,2026-02-19T15:30,1,30,sample
21,2026-02-19T16:30,1,30,sample
21,2026-02-19T17:30,0,,sample
21,2026-02-20T08:30,1,45,sample
21,2026-02-20T09:30,0,,sample
21,2026-02-20T10:30,0,,sample
21,2026-02-20T11:30,0,,sample
21,2026-02-20T12:30,0,,sample
21,2026-02-20T13:30,1,120,sample
21,2026-02-20T14:30,0,,sample
21,2026-02-20T15:30,1,45,sample
21,2026-02-20T16:30,1,60,sample
21,2026-02-20T17:30,0,,sample
22,2026-02-02T08:30,0,,sample
22,2026-02-02T09:30,1,60,sample
22,2026-02-02T10:30,1,30,sample
22,2026-02-02T11:30,1,90,sample
22,2026-02-02T12:30,1,45,sample
22,2026-02-02T13:30,1,60,sample
22,2026-02-02T14:30,1,120,sample
22,2026-02-02T15:30,0,,sample
22,2026-02-02T16:30,1,60,sample
22,2026-02-02T17:30,0,,sample
22,2026-02-03T08:30,0,,sample
22,2026-02-03T09:30,1,120,sample
22,2026-02-03T10:30,1,60,sample
22,2026-02-03T11:30,1,120,sample
22,2026-02-03T12:30,0,,sample
22,2026-02-03T13:30,1,120,sample
22,2026-02-03T14:30,0,,sample
22,2026-02-03T15:30,1,45,sample
22,2026-02-03T16:30,0,,sample
22,2026-02-03T17:30,0,,sample
22,2026-02-04T08:30,1,120,sample
22,2026-02-04T09:30,1,30,sample
22,2026-02-04T10:30,0,,sample
22,2026-02-04T11:30,1,60,sample
22,2026-02-04T12:30,1,60,sample
22,2026-02-04T13:30,1,90,sample
22,2026-02-04T14:30,1,120,sample
22,2026-02-04T15:30,1,60,sample
22,2026-02-04T16:30,1,60,sample
22,2026-02-04T17:30,0,,sample
22,2026-02-05T08:30,1,60,sample
22,2026-02-05T09:30,1,60,sample
22,2026-02-05T10:30,0,,sample
22,2026-02-05T11:30,0,,sample
22,2026-02-05T12:30,0,,sample
22,2026-02-05T13:30,1,90,sample
22,2026-02-05T14:30,1,90,sample
22,2026-02-05T15:30,1,45,sample
22,2026-02-05T16:30,0,,sample
22,2026-02-05T17:30,1,45,sample
22,2026-02-06T08:30,0,,sample
22,2026-02-06T09:30,0,,sample
22,2026-02-06T10:30,0,,sample
22,2026-02-06T11:30,0,,sample
22,2026-02-06T12:30,1,120,sample
22,2026-02-06T13:30,0,,sample
22,2026-02-06T14:30,0,,sample
22,2026-02-06T15:30,1,45,sample
22,2026-02-06T16:30,1,90,sample
22,2026-02-06T17:30,0,,sample
22,2026-02-09T08:30,0,,sample
22,2026-02-09T09:30,1,30,sample
22,2026-02-09T10:30,1,60,sample
22,2026-02-09T11:30,1,30,sample
22,2026-02-09T12:30,1,90,sample
22,2026-02-09T13:30,0,,sample
22,2026-02-09T14:30,0,,sample
22,2026-02-09T15:30,0,,sample
22,2026-02-09T16:30,0,,sample
22,2026-02-09T17:30,1,15,sample
22,2026-02-10T08:30,1,90,sample
22,2026-02-10T09:30,1,30,sample
22,2026-02-10T10:30,1,60,sample
22,2026-02-10T11:30,1,90,sample
22,2026-02-10T12:30,0,,sample
22,2026-02-10T13:30,0,,sample
22,2026-02-10T14:30,1,30,sample
22,2026-02-10T15:30,0,,sample
22,2026-02-10T16:30,0,,sample
22,2026-02-10T17:30,0,,sample
22,2026-02-11T08:30,0,,sample
22,2026-02-11T09:30,0,,sample
22,2026-02-11T10:30,0,,sample
22,2026-02-11T11:30,0,,sample
22,2026-02-11T12:30,0,,sample
22,2026-02-11T13:30,0,,sample
22,2026-02-11T14:30,0,,sample
22,2026-02-11T15:30,1,90,sample
22,2026-02-11T16:30,0,,sample
22,2026-02-11T17:30,0,,sample
22,2026-02-12T08:30,1,45,sample
22,2026-02-12T09:30,1,90,sample
22,2026-02-12T10:30,1,120,sample
22,2026-02-12T11:30,1,60,sample
22,2026-02-12T12:30,0,,sample
22,2026-02-12T13:30,1,120,sample
22,2026-02-12T14:30,0,,sample
22,2026-02-12T15:30,0,,sample
22,2026-02-12T16:30,0,,sample
22,2026-02-12T17:30,0,,sample
22,2026-02-13T08:30,0,,sample
22,2026-02-13T09:30,1,30,sample
22,2026-02-13T10:30,0,,sample
22,2026-02-13T11:30,0,,sample
22,2026-02-13T12:30,0,,sample
22,2026-02-13T13:30,0,,sample
22,2026-02-13T14:30,0,,sample
22,2026-02-13T15:30,1,60,sample
22,2026-02-13T16:30,0,,sample
22,2026-02-13T17:30,0,,sample
22,2026-02-16T08:30,1,60,sample
22,2026-02-16T09:30,0,,sample
22,2026-02-16T10:30,1,60,sample
22,2026-02-16T11:30,0,,sample
22,2026-02-16T12:30,1,60,sample
22,2026-02-16T13:30,1,120,sample
22,2026-02-16T14:30,0,,sample
22,2026-02-16T15:30,1,90,sample
22,2026-02-16T16:30,0,,sample
22,2026-02-16T17:30,0,,sample
22,2026-02-17T08:30,0,,sample
22,2026-02-17T09:30,1,60,sample
22,2026-02-17T10:30,0,,sample
22,2026-02-17T11:30,1,30,sample
22,2026-02-17T12:30,1,45,sample
22,2026-02-17T13:30,0,,sample
22,2026-02-17T14:30,0,,sample
22,2026-02-17T15:30,1,60,sample
22,2026-02-17T16:30,1,30,sample
22,2026-02-17T17:30,0,,sample
22,2026-02-18T08:30,1,90,sample
22,2026-02-18T09:30,1,120,sample
22,2026-02-18T10:30,1,60,sample
22,2026-02-18T11:30,0,,sample
22,2026-02-18T12:30,0,,sample
22,2026-02-18T13:30,0,,sample
22,2026-02-18T14:30,1,60,sample
22,2026-02-18T15:30,0,,sample
22,2026-02-18T16:30,1,15,sample
22,2026-02-18T17:30,1,90,sample
22,2026-02-19T08:30,0,,sample
22,2026-02-19T09:30,1,45,sample
22,2026-02-19T10:30,0,,sample
22,2026-02-19T11:30,1,60,sample
22,2026-02-19T12:30,0,,sample
22,2026-02-19T13:30,1,90,sample
22,2026-02-19T14:30,0,,sample
22,2026-02-19T15:30,0,,sample
22,2026-02-19T16:30,1,15,sample
22,2026-02-19T17:30,0,,sample
22,2026-02-20T08:30,0,,sample
22,2026-02-20T09:30,1,60,sample
22,2026-02-20T10:30,1,30,sample
22,2026-02-20T11:30,0,,sample
22,2026-02-20T12:30,0,,sample
22,2026-02-20T13:30,1,60,sample
22,2026-02-20T14:30,1,60,sample
22,2026-02-20T15:30,1,60,sample
22,2026-02-20T16:30,0,,sample
22,2026-02-20T17:30,0,,sample
23,2026-02-02T08:30,1,60,sample
23,2026-02-02T09:30,0,,sample
23,2026-02-02T10:30,0,,sample
23,2026-02-02T11:30,1,45,sample
23,2026-02-02T12:30,0,,sample
23,2026-02-02T13:30,0,,sample
23,2026-02-02T14:30,0,,sample
23,2026-02-02T15:30,1,60,sample
23,2026-02-02T16:30,1,45,sample
23,2026-02-02T17:30,0,,sample
23,2026-02-03T08:30,1,60,sample
23,2026-02-03T09:30,0,,sample
23,2026-02-03T10:30,1,60,sample
23,2026-02-03T11:30,1,60,sample
23,2026-02-03T12:30,1,30,sample
23,2026-02-03T13:30,0,,sample
23,2026-02-03T14:30,0,,sample
23,2026-02-03T15:30,0,,sample
23,2026-02-03T16:30,1,30,sample
23,2026-02-03T17:30,0,,sample
23,2026-02-04T08:30,0,,sample
23,2026-02-04T09:30,1,30,sample
23,2026-02-04T10:30,1,120,sample
23,2026-02-04T11:30,1,30,sample
23,2026-02-04T12:30,0,,sample
23,2026-02-04T13:30,1,45,sample
23,2026-02-04T14:30,1,90,sample
23,2026-02-04T15:30,0,,sample
23,2026-02-04T16:30,1,30,sample
23,2026-02-04T17:30,0,,sample
23,2026-02-05T08:30,1,45,sample
23,2026-02-05T09:30,1,120,sample
23,2026-02-05T10:30,1,60,sample
23,2026-02-05T11:30,0,,sample
23,2026-02-05T12:30,1,45,sample
23,2026-02-05T13:30,0,,sample
23,2026-02-05T14:30,1,45,sample
23,2026-02-05T15:30,0,,sample
23,2026-02-05T16:30,1,60,sample
23,2026-02-05T17:30,1,30,sample
23,2026-02-06T08:30,0,,sample
23,2026-02-06T09:30,1,30,sample
23,2026-02-06T10:30,1,90,sample
23,2026-02-06T11:30,0,,sample
23,2026-02-06T12:30,0,,sample
23,2026-02-06T13:30,0,,sample
23,2026-02-06T14:30,0,,sample
23,2026-02-06T15:30,1,45,sample
23,2026-02-06T16:30,1,15,sample
23,2026-02-06T17:30,0,,sample
23,2026-02-09T08:30,0,,sample
23,2026-02-09T09:30,1,30,sample
23,2026-02-09T10:30,0,,sample
23,2026-02-09T11:30,1,90,sample
23,2026-02-09T12:30,0,,sample
23,2026-02-09T13:30,0,,sample
23,2026-02-09T14:30,1,120,sample
23,2026-02-09T15:30,0,,sample
23,2026-02-09T16:30,1,60,sample
23,2026-02-09T17:30,0,,sample
23,2026-02-10T08:30,0,,sample
23,2026-02-10T09:30,1,60,sample
23,2026-02-10T10:30,1,45,sample
23,2026-02-10T11:30,0,,sample
23,2026-02-10T12:30,1,60,sample
23,2026-02-10T13:30,1,60,sample
23,2026-02-10T14:30,0,,sample
23,2026-02-10T15:30,0,,sample
23,2026-02-10T16:30,1,90,sample
23,2026-02-10T17:30,0,,sample
23,2026-02-11T08:30,0,,sample
23,2026-02-11T09:30,1,60,sample
23,2026-02-11T10:30,0,,sample
23,2026-02-11T11:30,0,,sample
23,2026-02-11T12:30,0,,sample
23,2026-02-11T13:30,0,,sample
23,2026-02-11T14:30,1,30,sample
23,2026-02-11T15:30,0,,sample
23,2026-02-11T16:30,1,15,sample
23,2026-02-11T17:30,0,,sample
23,2026-02-12T08:30,0,,sample
23,2026-02-12T09:30,0,,sample
23,2026-02-12T10:30,0,,sample
23,2026-02-12T11:30,0,,sample
23,2026-02-12T12:30,0,,sample
23,2026-02-12T13:30,1,60,sample
23,2026-02-12T14:30,0,,sample
23,2026-02-12T15:30,1,120,sample
23,2026-02-12T16:30,1,60,sample
23,2026-02-12T17:30,0,,sample
23,2026-02-13T08:30,0,,sample
23,2026-02-13T09:30,1,120,sample
23,2026-02-13T10:30,0,,sample
23,2026-02-13T11:30,0,,sample
23,2026-02-13T12:30,0,,sample
23,2026-02-13T13:30,0,,sample
23,2026-02-13T14:30,1,60,sample
23,2026-02-13T15:30,0,,sample
23,2026-02-13T16:30,1,30,sample
23,2026-02-13T17:30,0,,sample
23,2026-02-16T08:30,1,120,sample
23,2026-02-16T09:30,0,,sample
23,2026-02-16T10:30,1,60,sample
23,2026-02-16T11:30,0,,sample
23,2026-02-16T12:30,0,,sample
23,2026-02-16T13:30,1,60,sample
23,2026-02-16T14:30,0,,sample
23,2026-02-16T15:30,0,,sample
23,2026-02-16T16:30,0,,sample
23,2026-02-16T17:30,0,,sample
23,2026-02-17T08:30,1,90,sample
23,2026-02-17T09:30,1,60,sample
23,2026-02-17T10:30,0,,sample
23,2026-02-17T11:30,1,60,sample
23,2026-02-17T12:30,1,45,sample
23,2026-02-17T13:30,1,90,sample
23,2026-02-17T14:30,1,90,sample
23,2026-02-17T15:30,1,60,sample
23,2026-02-17T16:30,0,,sample
23,2026-02-17T17:30,0,,sample
23,2026-02-18T08:30,1,60,sample
23,2026-02-18T09:30,1,60,sample
23,2026-02-18T10:30,0,,sample
23,2026-02-18T11:30,1,45,sample
23,2026-02-18T12:30,0,,sample
23,2026-02-18T13:30,1,30,sample
23,2026-02-18T14:30,1,30,sample
23,2026-02-18T15:30,1,60,sample
23,2026-02-18T16:30,1,90,sample
23,2026-02-18T17:30,0,,sample
23,2026-02-19T08:30,1,60,sample
23,2026-02-19T09:30,1,30,sample
23,2026-02-19T10:30,0,,sample
23,2026-02-19T11:30,1,120,sample
23,2026-02-19T12:30,0,,sample
23,2026-02-19T13:30,1,60,sample
23,2026-02-19T14:30,1,60,sample
23,2026-02-19T15:30,1,60,sample
23,2026-02-19T16:30,1,30,sample
23,2026-02-19T17:30,1,60,sample
23,2026-02-20T08:30,1,45,sample
23,2026-02-20T09:30,0,,sample
23,2026-02-20T10:30,1,120,sample
23,2026-02-20T11:30,1,90,sample
23,2026-02-20T12:30,1,60,sample
23,2026-02-20T13:30,1,30,sample
23,2026-02-20T14:30,1,90,sample
23,2026-02-20T15:30,1,120,sample
23,2026-02-20T16:30,0,,sample
23,2026-02-20T17:30,1,90,sample
24,2026-02-02T08:30,0,,sample
24,2026-02-02T09:30,0,,sample
24,2026-02-02T10:30,1,60,sample
24,2026-02-02T11:30,1,120,sample
24,2026-02-02T12:30,1,30,sample
24,2026-02-02T13:30,0,,sample
24,2026-02-02T14:30,0,,sample
24,2026-02-02T15:30,1,90,sample
24,2026-02-02T16:30,1,15,sample
24,2026-02-02T17:30,0,,sample
24,2026-02-03T08:30,0,,sample
24,2026-02-03T09:30,0,,sample
24,2026-02-03T10:30,0,,sample
24,2026-02-03T11:30,0,,sample
24,2026-02-03T12:30,0,,sample
24,2026-02-03T13:30,0,,sample
24,2026-02-03T14:30,1,120,sample
24,2026-02-03T15:30,1,60,sample
24,2026-02-03T16:30,0,,sample
24,2026-02-03T17:30,1,30,sample
24,2026-02-04T08:30,1,60,sample
24,2026-02-04T09:30,1,60,sample
24,2026-02-04T10:30,0,,sample
24,2026-02-04T11:30,1,45,sample
24,2026-02-04T12:30,1,60,sample
24,2026-02-04T13:30,0,,sample
24,2026-02-04T14:30,1,90,sample
24,2026-02-04T15:30,1,60,sample
24,2026-02-04T16:30,0,,sample
24,2026-02-04T17:30,0,,sample
24,2026-02-05T08:30,0,,sample
24,2026-02-05T09:30,1,30,sample
24,2026-02-05T10:30,1,120,sample
24,2026-02-05T11:30,0,,sample
24,2026-02-05T12:30,0,,sample
24,2026-02-05T13:30,1,120,sample
24,2026-02-05T14:30,1,120,sample
24,2026-02-05T15:30,1,90,sample
24,2026-02-05T16:30,1,45,sample
24,2026-02-05T17:30,0,,sample
24,2026-02-06T08:30,1,30,sample
24,2026-02-06T09:30,1,90,sample
24,2026-02-06T10:30,1,30,sample
24,2026-02-06T11:30,0,,sample
24,2026-02-06T12:30,0,,sample
24,2026-02-06T13:30,1,60,sample
24,2026-02-06T14:30,0,,sample
24,2026-02-06T15:30,0,,sample
24,2026-02-06T16:30,1,90,sample
24,2026-02-06T17:30,0,,sample
24,2026-02-09T08:30,1,60,sample
24,2026-02-09T09:30,0,,sample
24,2026-02-09T10:30,1,45,sample
24,2026-02-09T11:30,0,,sample
24,2026-02-09T12:30,0,,sample
24,2026-02-09T13:30,1,90,sample
24,2026-02-09T14:30,0,,sample
24,2026-02-09T15:30,0,,sample
24,2026-02-09T16:30,1,30,sample
24,2026-02-09T17:30,0,,sample
24,2026-02-10T08:30,1,90,sample
24,2026-02-10T09:30,0,,sample
24,2026-02-10T10:30,1,30,sample
24,2026-02-10T11:30,1,90,sample
24,2026-02-10T12:30,1,60,sample
24,2026-02-10T13:30,0,,sample
24,2026-02-10T14:30,1,90,sample
24,2026-02-10T15:30,0,,sample
24,2026-02-10T16:30,0,,sample
24,2026-02-10T17:30,0,,sample
24,2026-02-11T08:30,1,60,sample
24,2026-02-11T09:30,1,90,sample
24,2026-02-11T10:30,1,60,sample
24,2026-02-11T11:30,1,120,sample
24,2026-02-11T12:30,0,,sample
24,2026-02-11T13:30,0,,sample
24,2026-02-11T14:30,1,60,sample
24,2026-02-11T15:30,1,45,sample
24,2026-02-11T16:30,0,,sample
24,2026-02-11T17:30,1,45,sample
24,2026-02-12T08:30,1,45,sample
24,2026-02-12T09:30,1,60,sample
24,2026-02-12T10:30,1,90,sample
24,2026-02-12T11:30,1,60,sample
24,2026-02-12T12:30,0,,sample
24,2026-02-12T13:30,1,45,sample
24,2026-02-12T14:30,1,45,sample
24,2026-02-12T15:30,1,120,sample
24,2026-02-12T16:30,0,,sample
24,2026-02-12T17:30,0,,sample
24,2026-02-13T08:30,1,60,sample
24,2026-02-13T09:30,1,30,sample
24,2026-02-13T10:30,1,45,sample
24,2026-02-13T11:30,0,,sample
24,2026-02-13T12:30,1,45,sample
24,2026-02-13T13:30,1,45,sample
24,2026-02-13T14:30,0,,sample
24,2026-02-13T15:30,1,120,sample
24,2026-02-13T16:30,0,,sample
24,2026-02-13T17:30,1,45,sample
24,2026-02-16T08:30,1,45,sample
24,2026-02-16T09:30,0,,sample
24,2026-02-16T10:30,1,60,sample
24,2026-02-16T11:30,0,,sample
24,2026-02-16T12:30,1,30,sample
24,2026-02-16T13:30,1,60,sample
24,2026-02-16T14:30,1,60,sample
24,2026-02-16T15:30,1,45,sample
24,2026-02-16T16:30,0,,sample
24,2026-02-16T17:30,0,,sample
24,2026-02-17T08:30,1,90,sample
24,2026-02-17T09:30,1,120,sample
24,2026-02-17T10:30,0,,sample
24,2026-02-17T11:30,1,60,sample
24,2026-02-17T12:30,1,30,sample
24,2026-02-17T13:30,0,,sample
24,2026-02-17T14:30,1,30,sample
24,2026-02-17T15:30,0,,sample
24,2026-02-17T16:30,1,90,sample
24,2026-02-17T17:30,0,,sample
24,2026-02-18T08:30,1,90,sample
24,2026-02-18T09:30,1,60,sample
24,2026-02-18T10:30,1,90,sample
24,2026-02-18T11:30,0,,sample
24,2026-02-18T12:30,1,60,sample
24,2026-02-18T13:30,0,,sample
24,2026-02-18T14:30,0,,sample
24,2026-02-18T15:30,1,60,sample
24,2026-02-18T16:30,1,30,sample
24,2026-02-18T17:30,1,15,sample
24,2026-02-19T08:30,1,60,sample
24,2026-02-19T09:30,0,,sample
24,2026-02-19T10:30,1,30,sample
24,2026-02-19T11:30,1,90,sample
24,2026-02-19T12:30,0,,sample
24,2026-02-19T13:30,1,30,sample
24,2026-02-19T14:30,1,45,sample
24,2026-02-19T15:30,0,,sample
24,2026-02-19T16:30,1,30,sample
24,2026-02-19T17:30,0,,sample
24,2026-02-20T08:30,1,90,sample
24,2026-02-20T09:30,0,,sample
24,2026-02-20T10:30,1,90,sample
24,2026-02-20T11:30,0,,sample
24,2026-02-20T12:30,1,120,sample
24,2026-02-20T13:30,0,,sample
24,2026-02-20T14:30,1,90,sample
24,2026-02-20T15:30,0,,sample
24,2026-02-20T16:30,1,45,sample
24,2026-02-20T17:30,0,,sample
25,2026-05-04T08:30,0,,sample
25,2026-05-04T09:30,1,120,sample
25,2026-05-04T10:30,1,60,sample
25,2026-05-04T11:30,1,120,sample
25,2026-05-04T12:30,1,180,sample
25,2026-05-04T13:30,0,,sample
25,2026-05-04T14:30,0,,sample
25,2026-05-04T15:30,0,,sample
25,2026-05-04T16:30,0,,sample
25,2026-05-04T17:30,0,,sample
25,2026-05-05T08:30,1,60,sample
25,2026-05-05T09:30,1,45,sample
25,2026-05-05T10:30,1,180,sample
25,2026-05-05T11:30,1,90,sample
25,2026-05-05T12:30,0,,sample
25,2026-05-05T13:30,1,60,sample
25,2026-05-05T14:30,1,30,sample
25,2026-05-05T15:30,1,120,sample
25,2026-05-05T16:30,0,,sample
25,2026-05-05T17:30,1,60,sample
25,2026-05-06T08:30,1,30,sample
25,2026-05-06T09:30,1,45,sample
25,2026-05-06T10:30,1,60,sample
25,2026-05-06T11:30,1,180,sample
25,2026-05-06T12:30,0,,sample
25,2026-05-06T13:30,1,30,sample
25,2026-05-06T14:30,1,60,sample
25,2026-05-06T15:30,1,180,sample
25,2026-05-06T16:30,1,60,sample
25,2026-05-06T17:30,1,45,sample
25,2026-05-07T08:30,1,60,sample
25,2026-05-07T09:30,1,120,sample
25,2026-05-07T10:30,1,60,sample
25,2026-05-07T11:30,1,30,sample
25,2026-05-07T12:30,0,,sample
25,2026-05-07T13:30,1,120,sample
25,2026-05-07T14:30,1,30,sample
25,2026-05-07T15:30,0,,sample
25,2026-05-07T16:30,1,45,sample
25,2026-05-07T17:30,1,30,sample
25,2026-05-08T08:30,0,,sample
25,2026-05-08T09:30,1,60,sample
25,2026-05-08T10:30,1,30,sample
25,2026-05-08T11:30,1,45,sample
25,2026-05-08T12:30,0,,sample
25,2026-05-08T13:30,1,120,sample
25,2026-05-08T14:30,1,120,sample
25,2026-05-08T15:30,1,30,sample
25,2026-05-08T16:30,0,,sample
25,2026-05-08T17:30,0,,sample
25,2026-05-11T08:30,1,90,sample
25,2026-05-11T09:30,1,90,sample
25,2026-05-11T10:30,1,180,sample
25,2026-05-11T11:30,1,60,sample
25,2026-05-11T12:30,0,,sample
25,2026-05-11T13:30,1,30,sample
25,2026-05-11T14:30,0,,sample
25,2026-05-11T15:30,1,45,sample
25,2026-05-11T16:30,0,,sample
25,2026-05-11T17:30,0,,sample
25,2026-05-12T08:30,0,,sample
25,2026-05-12T09:30,1,60,sample
25,2026-05-12T10:30,1,120,sample
25,2026-05-12T11:30,0,,sample
25,2026-05-12T12:30,1,60,sample
25,2026-05-12T13:30,1,120,sample
25,2026-05-12T14:30,1,45,sample
25,2026-05-12T15:30,1,180,sample
25,2026-05-12T16:30,1,60,sample
25,2026-05-12T17:30,0,,sample
25,2026-05-13T08:30,1,120,sample
25,2026-05-13T09:30,1,60,sample
25,2026-05-13T10:30,1,30,sample
25,2026-05-13T11:30,1,60,sample
25,2026-05-13T12:30,0,,sample
25,2026-05-13T13:30,0,,sample
25,2026-05-13T14:30,1,45,sample
25,2026-05-13T15:30,1,45,sample
25,2026-05-13T16:30,1,45,sample
25,2026-05-13T17:30,0,,sample
25,2026-05-14T08:30,0,,sample
25,2026-05-14T09:30,1,60,sample
25,2026-05-14T10:30,1,45,sample
25,2026-05-14T11:30,1,120,sample
25,2026-05-14T12:30,1,30,sample
25,2026-05-14T13:30,1,60,sample
25,2026-05-14T14:30,1,120,sample
25,2026-05-14T15:30,1,120,sample
25,2026-05-14T16:30,1,30,sample
25,2026-05-14T17:30,0,,sample
25,2026-05-15T08:30,0,,sample
25,2026-05-15T09:30,1,120,sample
25,2026-05-15T10:30,0,,sample
25,2026-05-15T11:30,1,30,sample
25,2026-05-15T12:30,1,120,sample
25,2026-05-15T13:30,1,60,sample
25,2026-05-15T14:30,0,,sample
25,2026-05-15T15:30,0,,sample
25,2026-05-15T16:30,1,60,sample
25,2026-05-15T17:30,0,,sample
25,2026-05-18T08:30,0,,sample
25,2026-05-18T09:30,1,90,sample
25,2026-05-18T10:30,1,60,sample
25,2026-05-18T11:30,1,90,sample
25,2026-05-18T12:30,0,,sample
25,2026-05-18T13:30,0,,sample
25,2026-05-18T14:30,1,120,sample
25,2026-05-18T15:30,1,45,sample
25,2026-05-18T16:30,0,,sample
25,2026-05-18T17:30,0,,sample
25,2026-05-19T08:30,1,120,sample
25,2026-05-19T09:30,1,60,sample
25,2026-05-19T10:30,1,60,sample
25,2026-05-19T11:30,1,180,sample
25,2026-05-19T12:30,0,,sample
25,2026-05-19T13:30,1,90,sample
25,2026-05-19T14:30,1,45,sample
25,2026-05-19T15:30,1,90,sample
25,2026-05-19T16:30,1,45,sample
25,2026-05-19T17:30,0,,sample
25,2026-05-20T08:30,1,120,sample
25,2026-05-20T09:30,1,180,sample
25,2026-05-20T10:30,1,60,sample
25,2026-05-20T11:30,1,45,sample
25,2026-05-20T12:30,1,60,sample
25,2026-05-20T13:30,0,,sample
25,2026-05-20T14:30,1,30,sample
25,2026-05-20T15:30,1,180,sample
25,2026-05-20T16:30,1,90,sample
25,2026-05-20T17:30,0,,sample
25,2026-05-21T08:30,1,60,sample
25,2026-05-21T09:30,1,120,sample
25,2026-05-21T10:30,1,30,sample
25,2026-05-21T11:30,1,90,sample
25,2026-05-21T12:30,1,90,sample
25,2026-05-21T13:30,1,60,sample
25,2026-05-21T14:30,1,60,sample
25,2026-05-21T15:30,1,45,sample
25,2026-05-21T16:30,1,30,sample
25,2026-05-21T17:30,0,,sample
25,2026-05-22T08:30,0,,sample
25,2026-05-22T09:30,1,180,sample
25,2026-05-22T10:30,1,45,sample
25,2026-05-22T11:30,0,,sample
25,2026-05-22T12:30,0,,sample
25,2026-05-22T13:30,1,90,sample
25,2026-05-22T14:30,1,120,sample
25,2026-05-22T15:30,1,120,sample
25,2026-05-22T16:30,1,60,sample
25,2026-05-22T17:30,1,90,sample
26,2026-05-04T08:30,0,,sample
26,2026-05-04T09:30,0,,sample
26,2026-05-04T10:30,1,60,sample
26,2026-05-04T11:30,1,120,sample
26,2026-05-04T12:30,0,,sample
26,2026-05-04T13:30,1,180,sample
26,2026-05-04T14:30,1,120,sample
26,2026-05-04T15:30,1,30,sample
26,2026-05-04T16:30,1,15,sample
26,2026-05-04T17:30,0,,sample
26,2026-05-05T08:30,0,,sample
26,2026-05-05T09:30,1,120,sample
26,2026-05-05T10:30,1,30,sample
26,2026-05-05T11:30,1,45,sample
26,2026-05-05T12:30,1,45,sample
26,2026-05-05T13:30,1,120,sample
26,2026-05-05T14:30,1,90,sample
26,2026-05-05T15:30,1,60,sample
26,2026-05-05T16:30,0,,sample
26,2026-05-05T17:30,1,30,sample
26,2026-05-06T08:30,0,,sample
26,2026-05-06T09:30,1,30,sample
26,2026-05-06T10:30,1,60,sample
26,2026-05-06T11:30,1,30,sample
26,2026-05-06T12:30,0,,sample
26,2026-05-06T13:30,0,,sample
26,2026-05-06T14:30,1,90,sample
26,2026-05-06T15:30,1,120,sample
26,2026-05-06T16:30,0,,sample
26,2026-05-06T17:30,0,,sample
26,2026-05-07T08:30,1,60,sample
26,2026-05-07T09:30,1,60,sample
26,2026-05-07T10:30,1,180,sample
26,2026-05-07T11:30,1,45,sample
26,2026-05-07T12:30,1,90,sample
26,2026-05-07T13:30,1,120,sample
26,2026-05-07T14:30,1,60,sample
26,2026-05-07T15:30,1,30,sample
26,2026-05-07T16:30,1,60,sample
26,2026-05-07T17:30,1,45,sample
26,2026-05-08T08:30,1,120,sample
26,2026-05-08T09:30,1,180,sample
26,2026-05-08T10:30,0,,sample
26,2026-05-08T11:30,0,,sample
26,2026-05-08T12:30,0,,sample
26,2026-05-08T13:30,0,,sample
26,2026-05-08T14:30,0,,sample
26,2026-05-08T15:30,1,60,sample
26,2026-05-08T16:30,1,30,sample
26,2026-05-08T17:30,1,30,sample
26,2026-05-11T08:30,0,,sample
26,2026-05-11T09:30,0,,sample
26,2026-05-11T10:30,1,60,sample
26,2026-05-11T11:30,1,45,sample
26,2026-05-11T12:30,0,,sample
26,2026-05-11T13:30,1,120,sample
26,2026-05-11T14:30,1,120,sample
26,2026-05-11T15:30,0,,sample
26,2026-05-11T16:30,1,90,sample
26,2026-05-11T17:30,0,,sample
26,2026-05-12T08:30,1,90,sample
26,2026-05-12T09:30,1,120,sample
26,2026-05-12T10:30,1,180,sample
26,2026-05-12T11:30,1,120,sample
26,2026-05-12T12:30,1,60,sample
26,2026-05-12T13:30,0,,sample
26,2026-05-12T14:30,1,120,sample
26,2026-05-12T15:30,1,90,sample
26,2026-05-12T16:30,0,,sample
26,2026-05-12T17:30,1,15,sample
26,2026-05-13T08:30,0,,sample
26,2026-05-13T09:30,1,180,sample
26,2026-05-13T10:30,1,30,sample
26,2026-05-13T11:30,1,180,sample
26,2026-05-13T12:30,0,,sample
26,2026-05-13T13:30,1,60,sample
26,2026-05-13T14:30,1,180,sample
26,2026-05-13T15:30,1,45,sample
26,2026-05-13T16:30,1,45,sample
26,2026-05-13T17:30,1,90,sample
26,2026-05-14T08:30,0,,sample
26,2026-05-14T09:30,1,120,sample
26,2026-05-14T10:30,1,30,sample
26,2026-05-14T11:30,1,45,sample
26,2026-05-14T12:30,0,,sample
26,2026-05-14T13:30,1,180,sample
26,2026-05-14T14:30,1,45,sample
26,2026-05-14T15:30,1,90,sample
26,2026-05-14T16:30,1,45,sample
26,2026-05-14T17:30,1,60,sample
26,2026-05-15T08:30,0,,sample
26,2026-05-15T09:30,1,180,sample
26,2026-05-15T10:30,1,30,sample
26,2026-05-15T11:30,1,180,sample
26,2026-05-15T12:30,1,120,sample
26,2026-05-15T13:30,1,60,sample
26,2026-05-15T14:30,0,,sample
26,2026-05-15T15:30,1,120,sample
26,2026-05-15T16:30,1,30,sample
26,2026-05-15T17:30,0,,sample
26,2026-05-18T08:30,1,45,sample
26,2026-05-18T09:30,1,30,sample
26,2026-05-18T10:30,0,,sample
26,2026-05-18T11:30,1,120,sample
26,2026-05-18T12:30,0,,sample
26,2026-05-18T13:30,0,,sample
26,2026-05-18T14:30,1,30,sample
26,2026-05-18T15:30,1,45,sample
26,2026-05-18T16:30,0,,sample
26,2026-05-18T17:30,0,,sample
26,2026-05-19T08:30,1,120,sample
26,2026-05-19T09:30,1,30,sample
26,2026-05-19T10:30,1,60,sample
26,2026-05-19T11:30,1,60,sample
26,2026-05-19T12:30,1,45,sample
26,2026-05-19T13:30,1,180,sample
26,2026-05-19T14:30,1,120,sample
26,2026-05-19T15:30,1,120,sample
26,2026-05-19T16:30,1,60,sample
26,2026-05-19T17:30,0,,sample
26,2026-05-20T08:30,1,180,sample
26,2026-05-20T09:30,1,180,sample
26,2026-05-20T10:30,1,120,sample
26,2026-05-20T11:30,1,180,sample
26,2026-05-20T12:30,0,,sample
26,2026-05-20T13:30,1,90,sample
26,2026-05-20T14:30,1,90,sample
26,2026-05-20T15:30,1,120,sample
26,2026-05-20T16:30,0,,sample
26,2026-05-20T17:30,0,,sample
26,2026-05-21T08:30,1,30,sample
26,2026-05-21T09:30,0,,sample
26,2026-05-21T10:30,1,45,sample
26,2026-05-21T11:30,0,,sample
26,2026-05-21T12:30,1,60,sample
26,2026-05-21T13:30,1,60,sample
26,2026-05-21T14:30,1,60,sample
26,2026-05-21T15:30,1,120,sample
26,2026-05-21T16:30,0,,sample
26,2026-05-21T17:30,1,30,sample
26,2026-05-22T08:30,1,60,sample
26,2026-05-22T09:30,1,30,sample
26,2026-05-22T10:30,1,120,sample
26,2026-05-22T11:30,1,120,sample
26,2026-05-22T12:30,0,,sample
26,2026-05-22T13:30,1,30,sample
26,2026-05-22T14:30,1,120,sample
26,2026-05-22T15:30,0,,sample
26,2026-05-22T16:30,1,60,sample
26,2026-05-22T17:30,1,30,sample
27,2026-05-04T08:30,1,120,sample
27,2026-05-04T09:30,1,60,sample
27,2026-05-04T10:30,1,45,sample
27,2026-05-04T11:30,1,120,sample
27,2026-05-04T12:30,1,60,sample
27,2026-05-04T13:30,1,90,sample
27,2026-05-04T14:30,0,,sample
27,2026-05-04T15:30,1,30,sample
27,2026-05-04T16:30,1,45,sample
27,2026-05-04T17:30,0,,sample
27,2026-05-05T08:30,0,,sample
27,2026-05-05T09:30,1,30,sample
27,2026-05-05T10:30,1,120,sample
27,2026-05-05T11:30,1,30,sample
27,2026-05-05T12:30,0,,sample
27,2026-05-05T13:30,1,60,sample
27,2026-05-05T14:30,1,180,sample
27,2026-05-05T15:30,0,,sample
27,2026-05-05T16:30,1,90,sample
27,2026-05-05T17:30,0,,sample
27,2026-05-06T08:30,1,90,sample
27,2026-05-06T09:30,1,90,sample
27,2026-05-06T10:30,1,60,sample
27,2026-05-06T11:30,1,30,sample
27,2026-05-06T12:30,1,60,sample
27,2026-05-06T13:30,1,45,sample
27,2026-05-06T14:30,1,60,sample
27,2026-05-06T15:30,1,120,sample
27,2026-05-06T16:30,0,,sample
27,2026-05-06T17:30,0,,sample
27,2026-05-07T08:30,1,60,sample
27,2026-05-07T09:30,1,120,sample
27,2026-05-07T10:30,1,60,sample
27,2026-05-07T11:30,1,180,sample
27,2026-05-07T12:30,0,,sample
27,2026-05-07T13:30,1,30,sample
27,2026-05-07T14:30,1,45,sample
27,2026-05-07T15:30,0,,sample
27,2026-05-07T16:30,0,,sample
27,2026-05-07T17:30,1,30,sample
27,2026-05-08T08:30,0,,sample
27,2026-05-08T09:30,1,120,sample
27,2026-05-08T10:30,1,30,sample
27,2026-05-08T11:30,1,120,sample
27,2026-05-08T12:30,1,120,sample
27,2026-05-08T13:30,1,120,sample
27,2026-05-08T14:30,1,60,sample
27,2026-05-08T15:30,0,,sample
27,2026-05-08T16:30,1,90,sample
27,2026-05-08T17:30,1,60,sample
27,2026-05-11T08:30,1,120,sample
27,2026-05-11T09:30,1,90,sample
27,2026-05-11T10:30,1,120,sample
27,2026-05-11T11:30,1,45,sample
27,2026-05-11T12:30,1,30,sample
27,2026-05-11T13:30,0,,sample
27,2026-05-11T14:30,0,,sample
27,2026-05-11T15:30,1,120,sample
27,2026-05-11T16:30,0,,sample
27,2026-05-11T17:30,0,,sample
27,2026-05-12T08:30,1,120,sample
27,2026-05-12T09:30,1,90,sample
27,2026-05-12T10:30,1,120,sample
27,2026-05-12T11:30,1,45,sample
27,2026-05-12T12:30,0,,sample
27,2026-05-12T13:30,1,60,sample
27,2026-05-12T14:30,1,30,sample
27,2026-05-12T15:30,1,90,sample
27,2026-05-12T16:30,1,30,sample
27,2026-05-12T17:30,1,30,sample
27,2026-05-13T08:30,0,,sample
27,2026-05-13T09:30,1,120,sample
27,2026-05-13T10:30,0,,sample
27,2026-05-13T11:30,1,120,sample
27,2026-05-13T12:30,1,120,sample
27,2026-05-13T13:30,0,,sample
27,2026-05-13T14:30,1,90,sample
27,2026-05-13T15:30,1,120,sample
27,2026-05-13T16:30,1,45,sample
27,2026-05-13T17:30,0,,sample
27,2026-05-14T08:30,1,120,sample
27,2026-05-14T09:30,1,60,sample
27,2026-05-14T10:30,1,60,sample
27,2026-05-14T11:30,1,120,sample
27,2026-05-14T12:30,0,,sample
27,2026-05-14T13:30,1,120,sample
27,2026-05-14T14:30,1,120,sample
27,2026-05-14T15:30,1,120,sample
27,2026-05-14T16:30,1,30,sample
27,2026-05-14T17:30,0,,sample
27,2026-05-15T08:30,0,,sample
27,2026-05-15T09:30,1,60,sample
27,2026-05-15T10:30,1,60,sample
27,2026-05-15T11:30,1,30,sample
27,2026-05-15T12:30,1,90,sample
27,2026-05-15T13:30,1,30,sample
27,2026-05-15T14:30,1,180,sample
27,2026-05-15T15:30,0,,sample
27,2026-05-15T16:30,0,,sample
27,2026-05-15T17:30,0,,sample
27,2026-05-18T08:30,1,180,sample
27,2026-05-18T09:30,0,,sample
27,2026-05-18T10:30,1,45,sample
27,2026-05-18T11:30,0,,sample
27,2026-05-18T12:30,1,30,sample
27,2026-05-18T13:30,0,,sample
27,2026-05-18T14:30,0,,sample
27,2026-05-18T15:30,0,,sample
27,2026-05-18T16:30,0,,sample
27,2026-05-18T17:30,0,,sample
27,2026-05-19T08:30,0,,sample
27,2026-05-19T09:30,1,180,sample
27,2026-05-19T10:30,1,60,sample
27,2026-05-19T11:30,1,45,sample
27,2026-05-19T12:30,1,45,sample
27,2026-05-19T13:30,0,,sample
27,2026-05-19T14:30,1,120,sample
27,2026-05-19T15:30,1,90,sample
27,2026-05-19T16:30,1,30,sample
27,2026-05-19T17:30,0,,sample
27,2026-05-20T08:30,0,,sample
27,2026-05-20T09:30,1,30,sample
27,2026-05-20T10:30,1,60,sample
27,2026-05-20T11:30,1,90,sample
27,2026-05-20T12:30,1,60,sample
27,2026-05-20T13:30,0,,sample
27,2026-05-20T14:30,1,45,sample
27,2026-05-20T15:30,0,,sample
27,2026-05-20T16:30,0,,sample
27,2026-05-20T17:30,0,,sample
27,2026-05-21T08:30,1,120,sample
27,2026-05-21T09:30,1,180,sample
27,2026-05-21T10:30,1,120,sample
27,2026-05-21T11:30,1,120,sample
27,2026-05-21T12:30,0,,sample
27,2026-05-21T13:30,0,,sample
27,2026-05-21T14:30,1,45,sample
27,2026-05-21T15:30,1,180,sample
27,2026-05-21T16:30,0,,sample
27,2026-05-21T17:30,0,,sample
27,2026-05-22T08:30,0,,sample
27,2026-05-22T09:30,1,180,sample
27,2026-05-22T10:30,1,30,sample
27,2026-05-22T11:30,0,,sample
27,2026-05-22T12:30,1,90,sample
27,2026-05-22T13:30,0,,sample
27,2026-05-22T14:30,1,45,sample
27,2026-05-22T15:30,1,30,sample
27,2026-05-22T16:30,0,,sample
27,2026-05-22T17:30,0,,sample
28,2026-05-04T08:30,1,60,sample
28,2026-05-04T09:30,1,45,sample
28,2026-05-04T10:30,1,90,sample
28,2026-05-04T11:30,0,,sample
28,2026-05-04T12:30,0,,sample
28,2026-05-04T13:30,1,60,sample
28,2026-05-04T14:30,0,,sample
28,2026-05-04T15:30,1,120,sample
28,2026-05-04T16:30,1,90,sample
28,2026-05-04T17:30,0,,sample
28,2026-05-05T08:30,1,45,sample
28,2026-05-05T09:30,1,120,sample
28,2026-05-05T10:30,0,,sample
28,2026-05-05T11:30,1,120,sample
28,2026-05-05T12:30,0,,sample
28,2026-05-05T13:30,1,30,sample
28,2026-05-05T14:30,1,120,sample
28,2026-05-05T15:30,0,,sample
28,2026-05-05T16:30,1,90,sample
28,2026-05-05T17:30,1,30,sample
28,2026-05-06T08:30,0,,sample
28,2026-05-06T09:30,0,,sample
28,2026-05-06T10:30,1,60,sample
28,2026-05-06T11:30,1,60,sample
28,2026-05-06T12:30,1,180,sample
28,2026-05-06T13:30,1,60,sample
28,2026-05-06T14:30,1,120,sample
28,2026-05-06T15:30,1,180,sample
28,2026-05-06T16:30,1,30,sample
28,2026-05-06T17:30,0,,sample
28,2026-05-07T08:30,0,,sample
28,2026-05-07T09:30,0,,sample
28,2026-05-07T10:30,1,60,sample
28,2026-05-07T11:30,1,180,sample
28,2026-05-07T12:30,1,90,sample
28,2026-05-07T13:30,1,120,sample
28,2026-05-07T14:30,0,,sample
28,2026-05-07T15:30,0,,sample
28,2026-05-07T16:30,1,45,sample
28,2026-05-07T17:30,0,,sample
28,2026-05-08T08:30,0,,sample
28,2026-05-08T09:30,1,45,sample
28,2026-05-08T10:30,0,,sample
28,2026-05-08T11:30,1,120,sample
28,2026-05-08T12:30,1,30,sample
28,2026-05-08T13:30,0,,sample
28,2026-05-08T14:30,1,60,sample
28,2026-05-08T15:30,0,,sample
28,2026-05-08T16:30,1,90,sample
28,2026-05-08T17:30,0,,sample
28,2026-05-11T08:30,0,,sample
28,2026-05-11T09:30,1,120,sample
28,2026-05-11T10:30,1,180,sample
28,2026-05-11T11:30,1,30,sample
28,2026-05-11T12:30,0,,sample
28,2026-05-11T13:30,1,45,sample
28,2026-05-11T14:30,1,120,sample
28,2026-05-11T15:30,0,,sample
28,2026-05-11T16:30,0,,sample
28,2026-05-11T17:30,1,30,sample
28,2026-05-12T08:30,1,60,sample
28,2026-05-12T09:30,0,,sample
28,2026-05-12T10:30,1,120,sample
28,2026-05-12T11:30,1,120,sample
28,2026-05-12T12:30,1,60,sample
28,2026-05-12T13:30,1,45,sample
28,2026-05-12T14:30,1,90,sample
28,2026-05-12T15:30,1,120,sample
28,2026-05-12T16:30,1,30,sample
28,2026-05-12T17:30,0,,sample
28,2026-05-13T08:30,0,,sample
28,2026-05-13T09:30,1,120,sample
28,2026-05-13T10:30,1,60,sample
28,2026-05-13T11:30,1,60,sample
28,2026-05-13T12:30,1,90,sample
28,2026-05-13T13:30,1,120,sample
28,2026-05-13T14:30,1,45,sample
28,2026-05-13T15:30,1,30,sample
28,2026-05-13T16:30,1,45,sample
28,2026-05-13T17:30,1,30,sample
28,2026-05-14T08:30,1,90,sample
28,2026-05-14T09:30,1,45,sample
28,2026-05-14T10:30,1,180,sample
28,2026-05-14T11:30,1,60,sample
28,2026-05-14T12:30,1,180,sample
28,2026-05-14T13:30,1,30,sample
28,2026-05-14T14:30,1,180,sample
28,2026-05-14T15:30,1,30,sample
28,2026-05-14T16:30,1,30,sample
28,2026-05-14T17:30,1,15,sample
28,2026-05-15T08:30,0,,sample
28,2026-05-15T09:30,1,120,sample
28,2026-05-15T10:30,0,,sample
28,2026-05-15T11:30,1,120,sample
28,2026-05-15T12:30,0,,sample
28,2026-05-15T13:30,1,120,sample
28,2026-05-15T14:30,0,,sample
28,2026-05-15T15:30,1,120,sample
28,2026-05-15T16:30,1,90,sample
28,2026-05-15T17:30,0,,sample
28,2026-05-18T08:30,1,90,sample
28,2026-05-18T09:30,1,90,sample
28,2026-05-18T10:30,1,45,sample
28,2026-05-18T11:30,1,120,sample
28,2026-05-18T12:30,1,30,sample
28,2026-05-18T13:30,1,45,sample
28,2026-05-18T14:30,1,60,sample
28,2026-05-18T15:30,1,60,sample
28,2026-05-18T16:30,1,60,sample
28,2026-05-18T17:30,0,,sample
28,2026-05-19T08:30,1,30,sample
28,2026-05-19T09:30,1,30,sample
28,2026-05-19T10:30,1,180,sample
28,2026-05-19T11:30,1,60,sample
28,2026-05-19T12:30,0,,sample
28,2026-05-19T13:30,1,120,sample
28,2026-05-19T14:30,1,60,sample
28,2026-05-19T15:30,1,60,sample
28,2026-05-19T16:30,0,,sample
28,2026-05-19T17:30,1,30,sample
28,2026-05-20T08:30,1,60,sample
28,2026-05-20T09:30,1,30,sample
28,2026-05-20T10:30,1,60,sample
28,2026-05-20T11:30,1,30,sample
28,2026-05-20T12:30,0,,sample
28,2026-05-20T13:30,1,30,sample
28,2026-05-20T14:30,1,90,sample
28,2026-05-20T15:30,1,45,sample
28,2026-05-20T16:30,0,,sample
28,2026-05-20T17:30,0,,sample
28,2026-05-21T08:30,0,,sample
28,2026-05-21T09:30,1,180,sample
28,2026-05-21T10:30,1,90,sample
28,2026-05-21T11:30,1,180,sample
28,2026-05-21T12:30,0,,sample
28,2026-05-21T13:30,1,60,sample
28,2026-05-21T14:30,1,60,sample
28,2026-05-21T15:30,1,60,sample
28,2026-05-21T16:30,1,30,sample
28,2026-05-21T17:30,0,,sample
28,2026-05-22T08:30,0,,sample
28,2026-05-22T09:30,0,,sample
28,2026-05-22T10:30,1,60,sample
28,2026-05-22T11:30,1,60,sample
28,2026-05-22T12:30,1,120,sample
28,2026-05-22T13:30,1,60,sample
28,2026-05-22T14:30,1,60,sample
28,2026-05-22T15:30,1,30,sample
28,2026-05-22T16:30,0,,sample
28,2026-05-22T17:30,0,,sample
29,2026-05-04T08:30,1,30,sample
29,2026-05-04T09:30,0,,sample
29,2026-05-04T10:30,1,60,sample
29,2026-05-04T11:30,0,,sample
29,2026-05-04T12:30,1,60,sample
29,2026-05-04T13:30,1,120,sample
29,2026-05-04T14:30,1,180,sample
29,2026-05-04T15:30,1,90,sample
29,2026-05-04T16:30,1,30,sample
29,2026-05-04T17:30,0,,sample
29,2026-05-05T08:30,1,45,sample
29,2026-05-05T09:30,1,60,sample
29,2026-05-05T10:30,1,180,sample
29,2026-05-05T11:30,1,90,sample
29,2026-05-05T12:30,0,,sample
29,2026-05-05T13:30,1,120,sample
29,2026-05-05T14:30,1,45,sample
29,2026-05-05T15:30,0,,sample
29,2026-05-05T16:30,0,,sample
29,2026-05-05T17:30,1,15,sample
29,2026-05-06T08:30,1,180,sample
29,2026-05-06T09:30,1,120,sample
29,2026-05-06T10:30,1,60,sample
29,2026-05-06T11:30,1,45,sample
29,2026-05-06T12:30,0,,sample
29,2026-05-06T13:30,1,180,sample
29,2026-05-06T14:30,1,60,sample
29,2026-05-06T15:30,1,90,sample
29,2026-05-06T16:30,1,30,sample
29,2026-05-06T17:30,1,15,sample
29,2026-05-07T08:30,1,120,sample
29,2026-05-07T09:30,1,60,sample
29,2026-05-07T10:30,1,30,sample
29,2026-05-07T11:30,1,60,sample
29,2026-05-07T12:30,1,30,sample
29,2026-05-07T13:30,1,30,sample
29,2026-05-07T14:30,1,30,sample
29,2026-05-07T15:30,1,30,sample
29,2026-05-07T16:30,1,90,sample
29,2026-05-07T17:30,0,,sample
29,2026-05-08T08:30,0,,sample
29,2026-05-08T09:30,1,60,sample
29,2026-05-08T10:30,1,90,sample
29,2026-05-08T11:30,1,30,sample
29,2026-05-08T12:30,0,,sample
29,2026-05-08T13:30,1,60,sample
29,2026-05-08T14:30,1,30,sample
29,2026-05-08T15:30,1,45,sample
29,2026-05-08T16:30,1,30,sample
29,2026-05-08T17:30,1,30,sample
29,2026-05-11T08:30,1,60,sample
29,2026-05-11T09:30,0,,sample
29,2026-05-11T10:30,1,60,sample
29,2026-05-11T11:30,0,,sample
29,2026-05-11T12:30,1,120,sample
29,2026-05-11T13:30,1,60,sample
29,2026-05-11T14:30,1,60,sample
29,2026-05-11T15:30,1,45,sample
29,2026-05-11T16:30,1,90,sample
29,2026-05-11T17:30,0,,sample
29,2026-05-12T08:30,1,30,sample
29,2026-05-12T09:30,1,60,sample
29,2026-05-12T10:30,1,60,sample
29,2026-05-12T11:30,1,45,sample
29,2026-05-12T12:30,0,,sample
29,2026-05-12T13:30,1,120,sample
29,2026-05-12T14:30,1,45,sample
29,2026-05-12T15:30,1,120,sample
29,2026-05-12T16:30,0,,sample
29,2026-05-12T17:30,1,30,sample
29,2026-05-13T08:30,1,120,sample
29,2026-05-13T09:30,1,120,sample
29,2026-05-13T10:30,1,30,sample
29,2026-05-13T11:30,1,45,sample
29,2026-05-13T12:30,1,45,sample
29,2026-05-13T13:30,1,120,sample
29,2026-05-13T14:30,1,60,sample
29,2026-05-13T15:30,1,180,sample
29,2026-05-13T16:30,1,45,sample
29,2026-05-13T17:30,0,,sample
29,2026-05-14T08:30,1,60,sample
29,2026-05-14T09:30,1,180,sample
29,2026-05-14T10:30,1,90,sample
29,2026-05-14T11:30,1,90,sample
29,2026-05-14T12:30,0,,sample
29,2026-05-14T13:30,1,30,sample
29,2026-05-14T14:30,0,,sample
29,2026-05-14T15:30,0,,sample
29,2026-05-14T16:30,1,30,sample
29,2026-05-14T17:30,0,,sample
29,2026-05-15T08:30,1,60,sample
29,2026-05-15T09:30,1,90,sample
29,2026-05-15T10:30,0,,sample
29,2026-05-15T11:30,1,30,sample
29,2026-05-15T12:30,0,,sample
29,2026-05-15T13:30,0,,sample
29,2026-05-15T14:30,1,60,sample
29,2026-05-15T15:30,1,45,sample
29,2026-05-15T16:30,0,,sample
29,2026-05-15T17:30,0,,sample
29,2026-05-18T08:30,0,,sample
29,2026-05-18T09:30,0,,sample
29,2026-05-18T10:30,1,60,sample
29,2026-05-18T11:30,1,60,sample
29,2026-05-18T12:30,1,120,sample
29,2026-05-18T13:30,1,60,sample
29,2026-05-18T14:30,1,120,sample
29,2026-05-18T15:30,1,45,sample
29,2026-05-18T16:30,0,,sample
29,2026-05-18T17:30,0,,sample
29,2026-05-19T08:30,1,60,sample
29,2026-05-19T09:30,1,60,sample
29,2026-05-19T10:30,1,120,sample
29,2026-05-19T11:30,1,120,sample
29,2026-05-19T12:30,0,,sample
29,2026-05-19T13:30,1,120,sample
29,2026-05-19T14:30,1,60,sample
29,2026-05-19T15:30,1,60,sample
29,2026-05-19T16:30,1,45,sample
29,2026-05-19T17:30,0,,sample
29,2026-05-20T08:30,0,,sample
29,2026-05-20T09:30,1,180,sample
29,2026-05-20T10:30,1,180,sample
29,2026-05-20T11:30,1,120,sample
29,2026-05-20T12:30,1,180,sample
29,2026-05-20T13:30,1,45,sample
29,2026-05-20T14:30,1,90,sample
29,2026-05-20T15:30,1,120,sample
29,2026-05-20T16:30,0,,sample
29,2026-05-20T17:30,1,60,sample
29,2026-05-21T08:30,0,,sample
29,2026-05-21T09:30,1,60,sample
29,2026-05-21T10:30,1,120,sample
29,2026-05-21T11:30,1,30,sample
29,2026-05-21T12:30,0,,sample
29,2026-05-21T13:30,1,60,sample
29,2026-05-21T14:30,1,90,sample
29,2026-05-21T15:30,1,120,sample
29,2026-05-21T16:30,0,,sample
29,2026-05-21T17:30,1,30,sample
29,2026-05-22T08:30,0,,sample
29,2026-05-22T09:30,1,60,sample
29,2026-05-22T10:30,0,,sample
29,2026-05-22T11:30,0,,sample
29,2026-05-22T12:30,0,,sample
29,2026-05-22T13:30,1,120,sample
29,2026-05-22T14:30,0,,sample
29,2026-05-22T15:30,1,120,sample
29,2026-05-22T16:30,1,30,sample
29,2026-05-22T17:30,0,,sample
30,2026-05-04T08:30,0,,sample
30,2026-05-04T09:30,1,120,sample
30,2026-05-04T10:30,1,30,sample
30,2026-05-04T11:30,0,,sample
30,2026-05-04T12:30,1,90,sample
30,2026-05-04T13:30,0,,sample
30,2026-05-04T14:30,1,30,sample
30,2026-05-04T15:30,1,30,sample
30,2026-05-04T16:30,1,60,sample
30,2026-05-04T17:30,1,60,sample
30,2026-05-05T08:30,1,45,sample
30,2026-05-05T09:30,1,60,sample
30,2026-05-05T10:30,1,120,sample
30,2026-05-05T11:30,1,120,sample
30,2026-05-05T12:30,0,,sample
30,2026-05-05T13:30,1,60,sample
30,2026-05-05T14:30,1,120,sample
30,2026-05-05T15:30,1,180,sample
30,2026-05-05T16:30,1,60,sample
30,2026-05-05T17:30,1,45,sample
30,2026-05-06T08:30,0,,sample
30,2026-05-06T09:30,1,60,sample
30,2026-05-06T10:30,1,60,sample
30,2026-05-06T11:30,1,30,sample
30,2026-05-06T12:30,0,,sample
30,2026-05-06T13:30,1,60,sample
30,2026-05-06T14:30,1,120,sample
30,2026-05-06T15:30,1,45,sample
30,2026-05-06T16:30,1,15,sample
30,2026-05-06T17:30,0,,sample
30,2026-05-07T08:30,1,180,sample
30,2026-05-07T09:30,1,120,sample
30,2026-05-07T10:30,1,120,sample
30,2026-05-07T11:30,1,120,sample
30,2026-05-07T12:30,0,,sample
30,2026-05-07T13:30,1,90,sample
30,2026-05-07T14:30,1,45,sample
30,2026-05-07T15:30,0,,sample
30,2026-05-07T16:30,1,90,sample
30,2026-05-07T17:30,0,,sample
30,2026-05-08T08:30,0,,sample
30,2026-05-08T09:30,1,120,sample
30,2026-05-08T10:30,1,120,sample
30,2026-05-08T11:30,1,120,sample
30,2026-05-08T12:30,1,120,sample
30,2026-05-08T13:30,1,120,sample
30,2026-05-08T14:30,0,,sample
30,2026-05-08T15:30,1,60,sample
30,2026-05-08T16:30,0,,sample
30,2026-05-08T17:30,0,,sample
30,2026-05-11T08:30,1,30,sample
30,2026-05-11T09:30,0,,sample
30,2026-05-11T10:30,1,180,sample
30,2026-05-11T11:30,0,,sample
30,2026-05-11T12:30,1,60,sample
30,2026-05-11T13:30,1,180,sample
30,2026-05-11T14:30,1,180,sample
30,2026-05-11T15:30,1,120,sample
30,2026-05-11T16:30,0,,sample
30,2026-05-11T17:30,0,,sample
30,2026-05-12T08:30,1,45,sample
30,2026-05-12T09:30,0,,sample
30,2026-05-12T10:30,1,90,sample
30,2026-05-12T11:30,1,90,sample
30,2026-05-12T12:30,0,,sample
30,2026-05-12T13:30,1,60,sample
30,2026-05-12T14:30,1,120,sample
30,2026-05-12T15:30,1,60,sample
30,2026-05-12T16:30,1,15,sample
30,2026-05-12T17:30,1,90,sample
30,2026-05-13T08:30,0,,sample
30,2026-05-13T09:30,1,60,sample
30,2026-05-13T10:30,1,60,sample
30,2026-05-13T11:30,1,180,sample
30,2026-05-13T12:30,0,,sample
30,2026-05-13T13:30,1,180,sample
30,2026-05-13T14:30,1,90,sample
30,2026-05-13T15:30,1,120,sample
30,2026-05-13T16:30,1,45,sample
30,2026-05-13T17:30,1,90,sample
30,2026-05-14T08:30,0,,sample
30,2026-05-14T09:30,1,60,sample
30,2026-05-14T10:30,1,60,sample
30,2026-05-14T11:30,1,90,sample
30,2026-05-14T12:30,1,45,sample
30,2026-05-14T13:30,0,,sample
30,2026-05-14T14:30,1,45,sample
30,2026-05-14T15:30,0,,sample
30,2026-05-14T16:30,1,90,sample
30,2026-05-14T17:30,0,,sample
30,2026-05-15T08:30,1,60,sample
30,2026-05-15T09:30,1,45,sample
30,2026-05-15T10:30,1,60,sample
30,2026-05-15T11:30,1,45,sample
30,2026-05-15T12:30,0,,sample
30,2026-05-15T13:30,0,,sample
30,2026-05-15T14:30,0,,sample
30,2026-05-15T15:30,1,180,sample
30,2026-05-15T16:30,1,60,sample
30,2026-05-15T17:30,0,,sample
30,2026-05-18T08:30,0,,sample
30,2026-05-18T09:30,0,,sample
30,2026-05-18T10:30,0,,sample
30,2026-05-18T11:30,0,,sample
30,2026-05-18T12:30,1,120,sample
30,2026-05-18T13:30,0,,sample
30,2026-05-18T14:30,1,180,sample
30,2026-05-18T15:30,0,,sample
30,2026-05-18T16:30,1,90,sample
30,2026-05-18T17:30,1,90,sample
30,2026-05-19T08:30,1,60,sample
30,2026-05-19T09:30,1,30,sample
30,2026-05-19T10:30,0,,sample
30,2026-05-19T11:30,1,180,sample
30,2026-05-19T12:30,1,60,sample
30,2026-05-19T13:30,1,90,sample
30,2026-05-19T14:30,1,120,sample
30,2026-05-19T15:30,1,60,sample
30,2026-05-19T16:30,1,30,sample
30,2026-05-19T17:30,1,30,sample
30,2026-05-20T08:30,0,,sample
30,2026-05-20T09:30,1,60,sample
30,2026-05-20T10:30,1,120,sample
30,2026-05-20T11:30,1,120,sample
30,2026-05-20T12:30,1,120,sample
30,2026-05-20T13:30,1,120,sample
30,2026-05-20T14:30,1,60,sample
30,2026-05-20T15:30,1,120,sample
30,2026-05-20T16:30,1,30,sample
30,2026-05-20T17:30,1,30,sample
30,2026-05-21T08:30,1,60,sample
30,2026-05-21T09:30,1,120,sample
30,2026-05-21T10:30,0,,sample
30,2026-05-21T11:30,1,180,sample
30,2026-05-21T12:30,1,120,sample
30,2026-05-21T13:30,1,120,sample
30,2026-05-21T14:30,0,,sample
30,2026-05-21T15:30,1,60,sample
30,2026-05-21T16:30,0,,sample
30,2026-05-21T17:30,0,,sample
30,2026-05-22T08:30,1,120,sample
30,2026-05-22T09:30,1,180,sample
30,2026-05-22T10:30,0,,sample
30,2026-05-22T11:30,0,,sample
30,2026-05-22T12:30,1,45,sample
30,2026-05-22T13:30,1,30,sample
30,2026-05-22T14:30,1,120,sample
30,2026-05-22T15:30,1,60,sample
30,2026-05-22T16:30,1,60,sample
30,2026-05-22T17:30,0,,sample
31,2026-05-04T08:30,0,,sample
31,2026-05-04T09:30,0,,sample
31,2026-05-04T10:30,0,,sample
31,2026-05-04T11:30,1,60,sample
31,2026-05-04T12:30,1,120,sample
31,2026-05-04T13:30,1,180,sample
31,2026-05-04T14:30,0,,sample
31,2026-05-04T15:30,1,30,sample
31,2026-05-04T16:30,0,,sample
31,2026-05-04T17:30,1,30,sample
31,2026-05-05T08:30,1,60,sample
31,2026-05-05T09:30,1,120,sample
31,2026-05-05T10:30,1,120,sample
31,2026-05-05T11:30,0,,sample
31,2026-05-05T12:30,0,,sample
31,2026-05-05T13:30,0,,sample
31,2026-05-05T14:30,1,120,sample
31,2026-05-05T15:30,1,180,sample
31,2026-05-05T16:30,0,,sample
31,2026-05-05T17:30,1,30,sample
31,2026-05-06T08:30,1,60,sample
31,2026-05-06T09:30,1,30,sample
31,2026-05-06T10:30,1,45,sample
31,2026-05-06T11:30,1,180,sample
31,2026-05-06T12:30,0,,sample
31,2026-05-06T13:30,1,60,sample
31,2026-05-06T14:30,1,60,sample
31,2026-05-06T15:30,0,,sample
31,2026-05-06T16:30,0,,sample
31,2026-05-06T17:30,0,,sample
31,2026-05-07T08:30,1,180,sample
31,2026-05-07T09:30,0,,sample
31,2026-05-07T10:30,1,30,sample
31,2026-05-07T11:30,1,60,sample
31,2026-05-07T12:30,1,120,sample
31,2026-05-07T13:30,1,180,sample
31,2026-05-07T14:30,1,90,sample
31,2026-05-07T15:30,0,,sample
31,2026-05-07T16:30,0,,sample
31,2026-05-07T17:30,0,,sample
31,2026-05-08T08:30,0,,sample
31,2026-05-08T09:30,1,90,sample
31,2026-05-08T10:30,1,30,sample
31,2026-05-08T11:30,0,,sample
31,2026-05-08T12:30,0,,sample
31,2026-05-08T13:30,1,180,sample
31,2026-05-08T14:30,1,90,sample
31,2026-05-08T15:30,1,30,sample
31,2026-05-08T16:30,0,,sample
31,2026-05-08T17:30,0,,sample
31,2026-05-11T08:30,0,,sample
31,2026-05-11T09:30,1,30,sample
31,2026-05-11T10:30,1,30,sample
31,2026-05-11T11:30,0,,sample
31,2026-05-11T12:30,1,60,sample
31,2026-05-11T13:30,1,180,sample
31,2026-05-11T14:30,1,120,sample
31,2026-05-11T15:30,1,60,sample
31,2026-05-11T16:30,0,,sample
31,2026-05-11T17:30,0,,sample
31,2026-05-12T08:30,1,30,sample
31,2026-05-12T09:30,0,,sample
31,2026-05-12T10:30,1,120,sample
31,2026-05-12T11:30,1,60,sample
31,2026-05-12T12:30,1,30,sample
31,2026-05-12T13:30,1,45,sample
31,2026-05-12T14:30,0,,sample
31,2026-05-12T15:30,1,45,sample
31,2026-05-12T16:30,1,30,sample
31,2026-05-12T17:30,0,,sample
31,2026-05-13T08:30,0,,sample
31,2026-05-13T09:30,1,60,sample
31,2026-05-13T10:30,1,90,sample
31,2026-05-13T11:30,1,120,sample
31,2026-05-13T12:30,0,,sample
31,2026-05-13T13:30,1,30,sample
31,2026-05-13T14:30,1,120,sample
31,2026-05-13T15:30,1,45,sample
31,2026-05-13T16:30,1,30,sample
31,2026-05-13T17:30,0,,sample
31,2026-05-14T08:30,0,,sample
31,2026-05-14T09:30,0,,sample
31,2026-05-14T10:30,1,90,sample
31,2026-05-14T11:30,1,30,sample
31,2026-05-14T12:30,1,180,sample
31,2026-05-14T13:30,1,90,sample
31,2026-05-14T14:30,0,,sample
31,2026-05-14T15:30,1,120,sample
31,2026-05-14T16:30,1,45,sample
31,2026-05-14T17:30,1,45,sample
31,2026-05-15T08:30,1,60,sample
31,2026-05-15T09:30,1,45,sample
31,2026-05-15T10:30,0,,sample
31,2026-05-15T11:30,1,60,sample
31,2026-05-15T12:30,0,,sample
31,2026-05-15T13:30,0,,sample
31,2026-05-15T14:30,0,,sample
31,2026-05-15T15:30,1,30,sample
31,2026-05-15T16:30,1,45,sample
31,2026-05-15T17:30,0,,sample
31,2026-05-18T08:30,0,,sample
31,2026-05-18T09:30,0,,sample
31,2026-05-18T10:30,0,,sample
31,2026-05-18T11:30,0,,sample
31,2026-05-18T12:30,1,45,sample
31,2026-05-18T13:30,1,60,sample
31,2026-05-18T14:30,0,,sample
31,2026-05-18T15:30,1,60,sample
31,2026-05-18T16:30,0,,sample
31,2026-05-18T17:30,1,15,sample
31,2026-05-19T08:30,0,,sample
31,2026-05-19T09:30,1,30,sample
31,2026-05-19T10:30,1,90,sample
31,2026-05-19T11:30,0,,sample
31,2026-05-19T12:30,0,,sample
31,2026-05-19T13:30,1,120,sample
31,2026-05-19T14:30,0,,sample
31,2026-05-19T15:30,1,90,sample
31,2026-05-19T16:30,0,,sample
31,2026-05-19T17:30,0,,sample
31,2026-05-20T08:30,1,120,sample
31,2026-05-20T09:30,0,,sample
31,2026-05-20T10:30,1,120,sample
31,2026-05-20T11:30,1,60,sample
31,2026-05-20T12:30,1,30,sample
31,2026-05-20T13:30,0,,sample
31,2026-05-20T14:30,0,,sample
31,2026-05-20T15:30,0,,sample
31,2026-05-20T16:30,0,,sample
31,2026-05-20T17:30,0,,sample
31,2026-05-21T08:30,0,,sample
31,2026-05-21T09:30,1,30,sample
31,2026-05-21T10:30,1,120,sample
31,2026-05-21T11:30,1,30,sample
31,2026-05-21T12:30,0,,sample
31,2026-05-21T13:30,0,,sample
31,2026-05-21T14:30,1,45,sample
31,2026-05-21T15:30,0,,sample
31,2026-05-21T16:30,0,,sample
31,2026-05-21T17:30,0,,sample
31,2026-05-22T08:30,0,,sample
31,2026-05-22T09:30,0,,sample
31,2026-05-22T10:30,1,120,sample
31,2026-05-22T11:30,1,180,sample
31,2026-05-22T12:30,1,90,sample
31,2026-05-22T13:30,1,45,sample
31,2026-05-22T14:30,1,120,sample
31,2026-05-22T15:30,1,30,sample
31,2026-05-22T16:30,0,,sample
31,2026-05-22T17:30,0,,sample
32,2026-05-04T08:30,0,,sample
32,2026-05-04T09:30,1,120,sample
32,2026-05-04T10:30,1,60,sample
32,2026-05-04T11:30,1,90,sample
32,2026-05-04T12:30,0,,sample
32,2026-05-04T13:30,1,180,sample
32,2026-05-04T14:30,0,,sample
32,2026-05-04T15:30,0,,sample
32,2026-05-04T16:30,1,45,sample
32,2026-05-04T17:30,0,,sample
32,2026-05-05T08:30,0,,sample
32,2026-05-05T09:30,1,120,sample
32,2026-05-05T10:30,1,90,sample
32,2026-05-05T11:30,1,90,sample
32,2026-05-05T12:30,0,,sample
32,2026-05-05T13:30,1,120,sample
32,2026-05-05T14:30,1,30,sample
32,2026-05-05T15:30,1,120,sample
32,2026-05-05T16:30,1,15,sample
32,2026-05-05T17:30,0,,sample
32,2026-05-06T08:30,1,30,sample
32,2026-05-06T09:30,0,,sample
32,2026-05-06T10:30,1,30,sample
32,2026-05-06T11:30,1,60,sample
32,2026-05-06T12:30,0,,sample
32,2026-05-06T13:30,1,30,sample
32,2026-05-06T14:30,0,,sample
32,2026-05-06T15:30,1,45,sample
32,2026-05-06T16:30,1,60,sample
32,2026-05-06T17:30,0,,sample
32,2026-05-07T08:30,1,45,sample
32,2026-05-07T09:30,1,45,sample
32,2026-05-07T10:30,1,30,sample
32,2026-05-07T11:30,0,,sample
32,2026-05-07T12:30,0,,sample
32,2026-05-07T13:30,0,,sample
32,2026-05-07T14:30,0,,sample
32,2026-05-07T15:30,1,60,sample
32,2026-05-07T16:30,0,,sample
32,2026-05-07T17:30,1,45,sample
32,2026-05-08T08:30,0,,sample
32,2026-05-08T09:30,0,,sample
32,2026-05-08T10:30,0,,sample
32,2026-05-08T11:30,0,,sample
32,2026-05-08T12:30,0,,sample
32,2026-05-08T13:30,0,,sample
32,2026-05-08T14:30,0,,sample
32,2026-05-08T15:30,1,180,sample
32,2026-05-08T16:30,1,90,sample
32,2026-05-08T17:30,0,,sample
32,2026-05-11T08:30,0,,sample
32,2026-05-11T09:30,0,,sample
32,2026-05-11T10:30,1,120,sample
32,2026-05-11T11:30,1,60,sample
32,2026-05-11T12:30,0,,sample
32,2026-05-11T13:30,0,,sample
32,2026-05-11T14:30,0,,sample
32,2026-05-11T15:30,1,120,sample
32,2026-05-11T16:30,1,45,sample
32,2026-05-11T17:30,0,,sample
32,2026-05-12T08:30,1,120,sample
32,2026-05-12T09:30,1,90,sample
32,2026-05-12T10:30,0,,sample
32,2026-05-12T11:30,0,,sample
32,2026-05-12T12:30,1,60,sample
32,2026-05-12T13:30,0,,sample
32,2026-05-12T14:30,1,180,sample
32,2026-05-12T15:30,1,120,sample
32,2026-05-12T16:30,0,,sample
32,2026-05-12T17:30,1,30,sample
32,2026-05-13T08:30,0,,sample
32,2026-05-13T09:30,0,,sample
32,2026-05-13T10:30,1,90,sample
32,2026-05-13T11:30,1,60,sample
32,2026-05-13T12:30,0,,sample
32,2026-05-13T13:30,0,,sample
32,2026-05-13T14:30,1,120,sample
32,2026-05-13T15:30,1,60,sample
32,2026-05-13T16:30,1,60,sample
32,2026-05-13T17:30,0,,sample
32,2026-05-14T08:30,0,,sample
32,2026-05-14T09:30,1,30,sample
32,2026-05-14T10:30,1,120,sample
32,2026-05-14T11:30,1,180,sample
32,2026-05-14T12:30,1,60,sample
32,2026-05-14T13:30,1,120,sample
32,2026-05-14T14:30,1,60,sample
32,2026-05-14T15:30,1,45,sample
32,2026-05-14T16:30,1,60,sample
32,2026-05-14T17:30,0,,sample
32,2026-05-15T08:30,0,,sample
32,2026-05-15T09:30,1,60,sample
32,2026-05-15T10:30,1,90,sample
32,2026-05-15T11:30,1,90,sample
32,2026-05-15T12:30,1,30,sample
32,2026-05-15T13:30,0,,sample
32,2026-05-15T14:30,0,,sample
32,2026-05-15T15:30,1,120,sample
32,2026-05-15T16:30,0,,sample
32,2026-05-15T17:30,0,,sample
32,2026-05-18T08:30,1,60,sample
32,2026-05-18T09:30,0,,sample
32,2026-05-18T10:30,1,180,sample
32,2026-05-18T11:30,1,60,sample
32,2026-05-18T12:30,1,60,sample
32,2026-05-18T13:30,1,180,sample
32,2026-05-18T14:30,0,,sample
32,2026-05-18T15:30,0,,sample
32,2026-05-18T16:30,0,,sample
32,2026-05-18T17:30,0,,sample
32,2026-05-19T08:30,0,,sample
32,2026-05-19T09:30,1,30,sample
32,2026-05-19T10:30,1,60,sample
32,2026-05-19T11:30,0,,sample
32,2026-05-19T12:30,1,120,sample
32,2026-05-19T13:30,1,180,sample
32,2026-05-19T14:30,0,,sample
32,2026-05-19T15:30,1,120,sample
32,2026-05-19T16:30,1,45,sample
32,2026-05-19T17:30,1,30,sample
32,2026-05-20T08:30,1,120,sample
32,2026-05-20T09:30,1,60,sample
32,2026-05-20T10:30,0,,sample
32,2026-05-20T11:30,1,45,sample
32,2026-05-20T12:30,1,120,sample
32,2026-05-20T13:30,1,60,sample
32,2026-05-20T14:30,1,180,sample
32,2026-05-20T15:30,0,,sample
32,2026-05-20T16:30,1,60,sample
32,2026-05-20T17:30,0,,sample
32,2026-05-21T08:30,0,,sample
32,2026-05-21T09:30,1,45,sample
32,2026-05-21T10:30,1,120,sample
32,2026-05-21T11:30,1,30,sample
32,2026-05-21T12:30,1,60,sample
32,2026-05-21T13:30,1,180,sample
32,2026-05-21T14:30,0,,sample
32,2026-05-21T15:30,0,,sample
32,2026-05-21T16:30,1,15,sample
32,2026-05-21T17:30,0,,sample
32,2026-05-22T08:30,1,45,sample
32,2026-05-22T09:30,1,45,sample
32,2026-05-22T10:30,0,,sample
32,2026-05-22T11:30,1,60,sample
32,2026-05-22T12:30,1,60,sample
32,2026-05-22T13:30,0,,sample
32,2026-05-22T14:30,1,90,sample
32,2026-05-22T15:30,0,,sample
32,2026-05-22T16:30,1,15,sample
32,2026-05-22T17:30,1,45,sample
33,2026-05-04T08:30,0,,sample
33,2026-05-04T09:30,0,,sample
33,2026-05-04T10:30,1,60,sample
33,2026-05-04T11:30,0,,sample
33,2026-05-04T12:30,1,60,sample
33,2026-05-04T13:30,0,,sample
33,2026-05-04T14:30,0,,sample
33,2026-05-04T15:30,0,,sample
33,2026-05-04T16:30,0,,sample
33,2026-05-04T17:30,0,,sample
33,2026-05-05T08:30,1,120,sample
33,2026-05-05T09:30,0,,sample
33,2026-05-05T10:30,1,90,sample
33,2026-05-05T11:30,1,45,sample
33,2026-05-05T12:30,1,90,sample
33,2026-05-05T13:30,0,,sample
33,2026-05-05T14:30,1,60,sample
33,2026-05-05T15:30,1,180,sample
33,2026-05-05T16:30,1,60,sample
33,2026-05-05T17:30,0,,sample
33,2026-05-06T08:30,1,120,sample
33,2026-05-06T09:30,0,,sample
33,2026-05-06T10:30,0,,sample
33,2026-05-06T11:30,1,45,sample
33,2026-05-06T12:30,0,,sample
33,2026-05-06T13:30,1,45,sample
33,2026-05-06T14:30,0,,sample
33,2026-05-06T15:30,0,,sample
33,2026-05-06T16:30,1,45,sample
33,2026-05-06T17:30,1,90,sample
33,2026-05-07T08:30,1,120,sample
33,2026-05-07T09:30,0,,sample
33,2026-05-07T10:30,1,90,sample
33,2026-05-07T11:30,1,45,sample
33,2026-05-07T12:30,0,,sample
33,2026-05-07T13:30,1,120,sample
33,2026-05-07T14:30,0,,sample
33,2026-05-07T15:30,1,120,sample
33,2026-05-07T16:30,1,15,sample
33,2026-05-07T17:30,0,,sample
33,2026-05-08T08:30,1,180,sample
33,2026-05-08T09:30,1,120,sample
33,2026-05-08T10:30,0,,sample
33,2026-05-08T11:30,1,120,sample
33,2026-05-08T12:30,0,,sample
33,2026-05-08T13:30,1,120,sample
33,2026-05-08T14:30,0,,sample
33,2026-05-08T15:30,1,90,sample
33,2026-05-08T16:30,1,60,sample
33,2026-05-08T17:30,1,30,sample
33,2026-05-11T08:30,1,60,sample
33,2026-05-11T09:30,1,120,sample
33,2026-05-11T10:30,0,,sample
33,2026-05-11T11:30,0,,sample
33,2026-05-11T12:30,1,120,sample
33,2026-05-11T13:30,1,180,sample
33,2026-05-11T14:30,0,,sample
33,2026-05-11T15:30,1,60,sample
33,2026-05-11T16:30,1,60,sample
33,2026-05-11T17:30,0,,sample
33,2026-05-12T08:30,1,120,sample
33,2026-05-12T09:30,1,60,sample
33,2026-05-12T10:30,0,,sample
33,2026-05-12T11:30,1,30,sample
33,2026-05-12T12:30,1,60,sample
33,2026-05-12T13:30,1,120,sample
33,2026-05-12T14:30,1,60,sample
33,2026-05-12T15:30,1,60,sample
33,2026-05-12T16:30,1,90,sample
33,2026-05-12T17:30,0,,sample
33,2026-05-13T08:30,0,,sample
33,2026-05-13T09:30,1,60,sample
33,2026-05-13T10:30,1,90,sample
33,2026-05-13T11:30,0,,sample
33,2026-05-13T12:30,1,120,sample
33,2026-05-13T13:30,0,,sample
33,2026-05-13T14:30,1,60,sample
33,2026-05-13T15:30,0,,sample
33,2026-05-13T16:30,1,60,sample
33,2026-05-13T17:30,1,60,sample
33,2026-05-14T08:30,0,,sample
33,2026-05-14T09:30,1,60,sample
33,2026-05-14T10:30,0,,sample
33,2026-05-14T11:30,1,90,sample
33,2026-05-14T12:30,0,,sample
33,2026-05-14T13:30,1,60,sample
33,2026-05-14T14:30,1,180,sample
33,2026-05-14T15:30,1,90,sample
33,2026-05-14T16:30,0,,sample
33,2026-05-14T17:30,0,,sample
33,2026-05-15T08:30,1,60,sample
33,2026-05-15T09:30,0,,sample
33,2026-05-15T10:30,1,180,sample
33,2026-05-15T11:30,1,60,sample
33,2026-05-15T12:30,0,,sample
33,2026-05-15T13:30,0,,sample
33,2026-05-15T14:30,0,,sample
33,2026-05-15T15:30,0,,sample
33,2026-05-15T16:30,0,,sample
33,2026-05-15T17:30,0,,sample
33,2026-05-18T08:30,0,,sample
33,2026-05-18T09:30,0,,sample
33,2026-05-18T10:30,0,,sample
33,2026-05-18T11:30,0,,sample
33,2026-05-18T12:30,1,45,sample
33,2026-05-18T13:30,0,,sample
33,2026-05-18T14:30,0,,sample
33,2026-05-18T15:30,0,,sample
33,2026-05-18T16:30,0,,sample
33,2026-05-18T17:30,0,,sample
33,2026-05-19T08:30,1,30,sample
33,2026-05-19T09:30,0,,sample
33,2026-05-19T10:30,1,60,sample
33,2026-05-19T11:30,1,60,sample
33,2026-05-19T12:30,0,,sample
33,2026-05-19T13:30,1,30,sample
33,2026-05-19T14:30,1,120,sample
33,2026-05-19T15:30,1,120,sample
33,2026-05-19T16:30,0,,sample
33,2026-05-19T17:30,0,,sample
33,2026-05-20T08:30,0,,sample
33,2026-05-20T09:30,1,60,sample
33,2026-05-20T10:30,1,180,sample
33,2026-05-20T11:30,1,60,sample
33,2026-05-20T12:30,1,45,sample
33,2026-05-20T13:30,0,,sample
33,2026-05-20T14:30,1,30,sample
33,2026-05-20T15:30,0,,sample
33,2026-05-20T16:30,0,,sample
33,2026-05-20T17:30,0,,sample
33,2026-05-21T08:30,0,,sample
33,2026-05-21T09:30,1,45,sample
33,2026-05-21T10:30,1,45,sample
33,2026-05-21T11:30,1,120,sample
33,2026-05-21T12:30,1,30,sample
33,2026-05-21T13:30,0,,sample
33,2026-05-21T14:30,0,,sample
33,2026-05-21T15:30,1,30,sample
33,2026-05-21T16:30,1,60,sample
33,2026-05-21T17:30,1,90,sample
33,2026-05-22T08:30,1,45,sample
33,2026-05-22T09:30,1,120,sample
33,2026-05-22T10:30,1,60,sample
33,2026-05-22T11:30,1,45,sample
33,2026-05-22T12:30,0,,sample
33,2026-05-22T13:30,0,,sample
33,2026-05-22T14:30,0,,sample
33,2026-05-22T15:30,1,45,sample
33,2026-05-22T16:30,0,,sample
33,2026-05-22T17:30,0,,sample
34,2026-05-04T08:30,1,60,sample
34,2026-05-04T09:30,1,60,sample
34,2026-05-04T10:30,1,120,sample
34,2026-05-04T11:30,1,90,sample
34,2026-05-04T12:30,0,,sample
34,2026-05-04T13:30,1,90,sample
34,2026-05-04T14:30,0,,sample
34,2026-05-04T15:30,1,180,sample
34,2026-05-04T16:30,0,,sample
34,2026-05-04T17:30,0,,sample
34,2026-05-05T08:30,0,,sample
34,2026-05-05T09:30,1,120,sample
34,2026-05-05T10:30,0,,sample
34,2026-05-05T11:30,0,,sample
34,2026-05-05T12:30,0,,sample
34,2026-05-05T13:30,1,45,sample
34,2026-05-05T14:30,1,180,sample
34,2026-05-05T15:30,1,45,sample
34,2026-05-05T16:30,1,30,sample
34,2026-05-05T17:30,0,,sample
34,2026-05-06T08:30,0,,sample
34,2026-05-06T09:30,1,120,sample
34,2026-05-06T10:30,0,,sample
34,2026-05-06T11:30,0,,sample
34,2026-05-06T12:30,1,90,sample
34,2026-05-06T13:30,1,60,sample
34,2026-05-06T14:30,1,30,sample
34,2026-05-06T15:30,1,90,sample
34,2026-05-06T16:30,1,60,sample
34,2026-05-06T17:30,0,,sample
34,2026-05-07T08:30,1,120,sample
34,2026-05-07T09:30,0,,sample
34,2026-05-07T10:30,0,,sample
34,2026-05-07T11:30,1,45,sample
34,2026-05-07T12:30,1,60,sample
34,2026-05-07T13:30,1,90,sample
34,2026-05-07T14:30,0,,sample
34,2026-05-07T15:30,1,60,sample
34,2026-05-07T16:30,0,,sample
34,2026-05-07T17:30,0,,sample
34,2026-05-08T08:30,1,90,sample
34,2026-05-08T09:30,0,,sample
34,2026-05-08T10:30,1,30,sample
34,2026-05-08T11:30,0,,sample
34,2026-05-08T12:30,0,,sample
34,2026-05-08T13:30,1,90,sample
34,2026-05-08T14:30,0,,sample
34,2026-05-08T15:30,0,,sample
34,2026-05-08T16:30,0,,sample
34,2026-05-08T17:30,0,,sample
34,2026-05-11T08:30,0,,sample
34,2026-05-11T09:30,1,180,sample
34,2026-05-11T10:30,1,90,sample
34,2026-05-11T11:30,1,180,sample
34,2026-05-11T12:30,1,180,sample
34,2026-05-11T13:30,0,,sample
34,2026-05-11T14:30,0,,sample
34,2026-05-11T15:30,1,30,sample
34,2026-05-11T16:30,0,,sample
34,2026-05-11T17:30,1,45,sample
34,2026-05-12T08:30,0,,sample
34,2026-05-12T09:30,1,45,sample
34,2026-05-12T10:30,0,,sample
34,2026-05-12T11:30,0,,sample
34,2026-05-12T12:30,1,30,sample
34,2026-05-12T13:30,0,,sample
34,2026-05-12T14:30,1,60,sample
34,2026-05-12T15:30,1,60,sample
34,2026-05-12T16:30,1,45,sample
34,2026-05-12T17:30,0,,sample
34,2026-05-13T08:30,0,,sample
34,2026-05-13T09:30,1,120,sample
34,2026-05-13T10:30,0,,sample
34,2026-05-13T11:30,0,,sample
34,2026-05-13T12:30,0,,sample
34,2026-05-13T13:30,0,,sample
34,2026-05-13T14:30,1,45,sample
34,2026-05-13T15:30,0,,sample
34,2026-05-13T16:30,1,60,sample
34,2026-05-13T17:30,0,,sample
34,2026-05-14T08:30,1,60,sample
34,2026-05-14T09:30,1,45,sample
34,2026-05-14T10:30,1,60,sample
34,2026-05-14T11:30,1,120,sample
34,2026-05-14T12:30,0,,sample
34,2026-05-14T13:30,1,60,sample
34,2026-05-14T14:30,1,60,sample
34,2026-05-14T15:30,1,120,sample
34,2026-05-14T16:30,0,,sample
34,2026-05-14T17:30,1,30,sample
34,2026-05-15T08:30,1,60,sample
34,2026-05-15T09:30,1,30,sample
34,2026-05-15T10:30,1,60,sample
34,2026-05-15T11:30,0,,sample
34,2026-05-15T12:30,0,,sample
34,2026-05-15T13:30,1,60,sample
34,2026-05-15T14:30,0,,sample
34,2026-05-15T15:30,1,60,sample
34,2026-05-15T16:30,0,,sample
34,2026-05-15T17:30,0,,sample
34,2026-05-18T08:30,0,,sample
34,2026-05-18T09:30,1,120,sample
34,2026-05-18T10:30,1,60,sample
34,2026-05-18T11:30,1,60,sample
34,2026-05-18T12:30,0,,sample
34,2026-05-18T13:30,1,120,sample
34,2026-05-18T14:30,1,30,sample
34,2026-05-18T15:30,0,,sample
34,2026-05-18T16:30,0,,sample
34,2026-05-18T17:30,1,15,sample
34,2026-05-19T08:30,0,,sample
34,2026-05-19T09:30,1,120,sample
34,2026-05-19T10:30,1,45,sample
34,2026-05-19T11:30,1,120,sample
34,2026-05-19T12:30,1,120,sample
34,2026-05-19T13:30,0,,sample
34,2026-05-19T14:30,0,,sample
34,2026-05-19T15:30,0,,sample
34,2026-05-19T16:30,0,,sample
34,2026-05-19T17:30,1,30,sample
34,2026-05-20T08:30,1,180,sample
34,2026-05-20T09:30,0,,sample
34,2026-05-20T10:30,1,120,sample
34,2026-05-20T11:30,1,90,sample
34,2026-05-20T12:30,0,,sample
34,2026-05-20T13:30,0,,sample
34,2026-05-20T14:30,1,60,sample
34,2026-05-20T15:30,1,30,sample
34,2026-05-20T16:30,0,,sample
34,2026-05-20T17:30,0,,sample
34,2026-05-21T08:30,0,,sample
34,2026-05-21T09:30,1,120,sample
34,2026-05-21T10:30,1,180,sample
34,2026-05-21T11:30,1,45,sample
34,2026-05-21T12:30,1,30,sample
34,2026-05-21T13:30,1,45,sample
34,2026-05-21T14:30,1,60,sample
34,2026-05-21T15:30,0,,sample
34,2026-05-21T16:30,0,,sample
34,2026-05-21T17:30,1,60,sample
34,2026-05-22T08:30,1,180,sample
34,2026-05-22T09:30,0,,sample
34,2026-05-22T10:30,0,,sample
34,2026-05-22T11:30,0,,sample
34,2026-05-22T12:30,0,,sample
34,2026-05-22T13:30,1,45,sample
34,2026-05-22T14:30,1,90,sample
34,2026-05-22T15:30,1,60,sample
34,2026-05-22T16:30,0,,sample
34,2026-05-22T17:30,0,,sample
35,2026-05-04T08:30,1,45,sample
35,2026-05-04T09:30,1,180,sample
35,2026-05-04T10:30,0,,sample
35,2026-05-04T11:30,1,90,sample
35,2026-05-04T12:30,1,180,sample
35,2026-05-04T13:30,1,60,sample
35,2026-05-04T14:30,1,60,sample
35,2026-05-04T15:30,0,,sample
35,2026-05-04T16:30,0,,sample
35,2026-05-04T17:30,0,,sample
35,2026-05-05T08:30,0,,sample
35,2026-05-05T09:30,1,180,sample
35,2026-05-05T10:30,1,30,sample
35,2026-05-05T11:30,0,,sample
35,2026-05-05T12:30,0,,sample
35,2026-05-05T13:30,0,,sample
35,2026-05-05T14:30,0,,sample
35,2026-05-05T15:30,1,180,sample
35,2026-05-05T16:30,0,,sample
35,2026-05-05T17:30,0,,sample
35,2026-05-06T08:30,0,,sample
35,2026-05-06T09:30,0,,sample
35,2026-05-06T10:30,0,,sample
35,2026-05-06T11:30,1,45,sample
35,2026-05-06T12:30,0,,sample
35,2026-05-06T13:30,0,,sample
35,2026-05-06T14:30,0,,sample
35,2026-05-06T15:30,1,30,sample
35,2026-05-06T16:30,1,30,sample
35,2026-05-06T17:30,0,,sample
35,2026-05-07T08:30,0,,sample
35,2026-05-07T09:30,0,,sample
35,2026-05-07T10:30,1,60,sample
35,2026-05-07T11:30,0,,sample
35,2026-05-07T12:30,0,,sample
35,2026-05-07T13:30,1,120,sample
35,2026-05-07T14:30,0,,sample
35,2026-05-07T15:30,0,,sample
35,2026-05-07T16:30,1,30,sample
35,2026-05-07T17:30,1,60,sample
35,2026-05-08T08:30,0,,sample
35,2026-05-08T09:30,0,,sample
35,2026-05-08T10:30,0,,sample
35,2026-05-08T11:30,0,,sample
35,2026-05-08T12:30,1,180,sample
35,2026-05-08T13:30,1,120,sample
35,2026-05-08T14:30,0,,sample
35,2026-05-08T15:30,1,120,sample
35,2026-05-08T16:30,0,,sample
35,2026-05-08T17:30,0,,sample
35,2026-05-11T08:30,0,,sample
35,2026-05-11T09:30,0,,sample
35,2026-05-11T10:30,0,,sample
35,2026-05-11T11:30,0,,sample
35,2026-05-11T12:30,0,,sample
35,2026-05-11T13:30,1,90,sample
35,2026-05-11T14:30,1,120,sample
35,2026-05-11T15:30,0,,sample
35,2026-05-11T16:30,0,,sample
35,2026-05-11T17:30,0,,sample
35,2026-05-12T08:30,0,,sample
35,2026-05-12T09:30,1,45,sample
35,2026-05-12T10:30,1,45,sample
35,2026-05-12T11:30,1,60,sample
35,2026-05-12T12:30,0,,sample
35,2026-05-12T13:30,0,,sample
35,2026-05-12T14:30,0,,sample
35,2026-05-12T15:30,1,120,sample
35,2026-05-12T16:30,0,,sample
35,2026-05-12T17:30,0,,sample
35,2026-05-13T08:30,0,,sample
35,2026-05-13T09:30,0,,sample
35,2026-05-13T10:30,1,120,sample
35,2026-05-13T11:30,0,,sample
35,2026-05-13T12:30,1,90,sample
35,2026-05-13T13:30,1,90,sample
35,2026-05-13T14:30,1,60,sample
35,2026-05-13T15:30,0,,sample
35,2026-05-13T16:30,0,,sample
35,2026-05-13T17:30,0,,sample
35,2026-05-14T08:30,0,,sample
35,2026-05-14T09:30,1,60,sample
35,2026-05-14T10:30,1,60,sample
35,2026-05-14T11:30,1,180,sample
35,2026-05-14T12:30,1,90,sample
35,2026-05-14T13:30,1,180,sample
35,2026-05-14T14:30,0,,sample
35,2026-05-14T15:30,1,120,sample
35,2026-05-14T16:30,0,,sample
35,2026-05-14T17:30,0,,sample
35,2026-05-15T08:30,0,,sample
35,2026-05-15T09:30,0,,sample
35,2026-05-15T10:30,1,30,sample
35,2026-05-15T11:30,0,,sample
35,2026-05-15T12:30,0,,sample
35,2026-05-15T13:30,0,,sample
35,2026-05-15T14:30,0,,sample
35,2026-05-15T15:30,0,,sample
35,2026-05-15T16:30,0,,sample
35,2026-05-15T17:30,0,,sample
35,2026-05-18T08:30,0,,sample
35,2026-05-18T09:30,0,,sample
35,2026-05-18T10:30,0,,sample
35,2026-05-18T11:30,0,,sample
35,2026-05-18T12:30,0,,sample
35,2026-05-18T13:30,0,,sample
35,2026-05-18T14:30,0,,sample
35,2026-05-18T15:30,0,,sample
35,2026-05-18T16:30,0,,sample
35,2026-05-18T17:30,0,,sample
35,2026-05-19T08:30,1,90,sample
35,2026-05-19T09:30,0,,sample
35,2026-05-19T10:30,1,45,sample
35,2026-05-19T11:30,0,,sample
35,2026-05-19T12:30,1,30,sample
35,2026-05-19T13:30,0,,sample
35,2026-05-19T14:30,1,180,sample
35,2026-05-19T15:30,1,180,sample
35,2026-05-19T16:30,0,,sample
35,2026-05-19T17:30,0,,sample
35,2026-05-20T08:30,0,,sample
35,2026-05-20T09:30,0,,sample
35,2026-05-20T10:30,1,120,sample
35,2026-05-20T11:30,1,120,sample
35,2026-05-20T12:30,1,120,sample
35,2026-05-20T13:30,1,45,sample
35,2026-05-20T14:30,1,45,sample
35,2026-05-20T15:30,1,90,sample
35,2026-05-20T16:30,1,90,sample
35,2026-05-20T17:30,1,15,sample
35,2026-05-21T08:30,1,120,sample
35,2026-05-21T09:30,0,,sample
35,2026-05-21T10:30,1,60,sample
35,2026-05-21T11:30,1,90,sample
35,2026-05-21T12:30,0,,sample
35,2026-05-21T13:30,1,120,sample
35,2026-05-21T14:30,1,120,sample
35,2026-05-21T15:30,1,90,sample
35,2026-05-21T16:30,1,30,sample
35,2026-05-21T17:30,0,,sample
35,2026-05-22T08:30,0,,sample
35,2026-05-22T09:30,0,,sample
35,2026-05-22T10:30,1,120,sample
35,2026-05-22T11:30,0,,sample
35,2026-05-22T12:30,1,45,sample
35,2026-05-22T13:30,1,180,sample
35,2026-05-22T14:30,0,,sample
35,2026-05-22T15:30,0,,sample
35,2026-05-22T16:30,0,,sample
35,2026-05-22T17:30,1,30,sample
36,2026-05-04T08:30,1,90,sample
36,2026-05-04T09:30,0,,sample
36,2026-05-04T10:30,1,90,sample
36,2026-05-04T11:30,1,120,sample
36,2026-05-04T12:30,0,,sample
36,2026-05-04T13:30,0,,sample
36,2026-05-04T14:30,1,45,sample
36,2026-05-04T15:30,1,60,sample
36,2026-05-04T16:30,1,30,sample
36,2026-05-04T17:30,0,,sample
36,2026-05-05T08:30,1,120,sample
36,2026-05-05T09:30,0,,sample
36,2026-05-05T10:30,0,,sample
36,2026-05-05T11:30,1,180,sample
36,2026-05-05T12:30,1,90,sample
36,2026-05-05T13:30,1,60,sample
36,2026-05-05T14:30,1,60,sample
36,2026-05-05T15:30,1,180,sample
36,2026-05-05T16:30,1,30,sample
36,2026-05-05T17:30,0,,sample
36,2026-05-06T08:30,0,,sample
36,2026-05-06T09:30,1,120,sample
36,2026-05-06T10:30,1,90,sample
36,2026-05-06T11:30,1,180,sample
36,2026-05-06T12:30,0,,sample
36,2026-05-06T13:30,1,120,sample
36,2026-05-06T14:30,1,60,sample
36,2026-05-06T15:30,1,90,sample
36,2026-05-06T16:30,0,,sample
36,2026-05-06T17:30,0,,sample
36,2026-05-07T08:30,0,,sample
36,2026-05-07T09:30,1,60,sample
36,2026-05-07T10:30,0,,sample
36,2026-05-07T11:30,1,120,sample
36,2026-05-07T12:30,1,60,sample
36,2026-05-07T13:30,0,,sample
36,2026-05-07T14:30,0,,sample
36,2026-05-07T15:30,1,45,sample
36,2026-05-07T16:30,1,45,sample
36,2026-05-07T17:30,0,,sample
36,2026-05-08T08:30,0,,sample
36,2026-05-08T09:30,0,,sample
36,2026-05-08T10:30,0,,sample
36,2026-05-08T11:30,1,60,sample
36,2026-05-08T12:30,0,,sample
36,2026-05-08T13:30,1,45,sample
36,2026-05-08T14:30,0,,sample
36,2026-05-08T15:30,1,90,sample
36,2026-05-08T16:30,0,,sample
36,2026-05-08T17:30,1,60,sample
36,2026-05-11T08:30,0,,sample
36,2026-05-11T09:30,1,180,sample
36,2026-05-11T10:30,0,,sample
36,2026-05-11T11:30,0,,sample
36,2026-05-11T12:30,0,,sample
36,2026-05-11T13:30,0,,sample
36,2026-05-11T14:30,0,,sample
36,2026-05-11T15:30,0,,sample
36,2026-05-11T16:30,0,,sample
36,2026-05-11T17:30,0,,sample
36,2026-05-12T08:30,1,90,sample
36,2026-05-12T09:30,1,90,sample
36,2026-05-12T10:30,1,180,sample
36,2026-05-12T11:30,1,120,sample
36,2026-05-12T12:30,0,,sample
36,2026-05-12T13:30,0,,sample
36,2026-05-12T14:30,0,,sample
36,2026-05-12T15:30,1,60,sample
36,2026-05-12T16:30,1,30,sample
36,2026-05-12T17:30,0,,sample
36,2026-05-13T08:30,1,120,sample
36,2026-05-13T09:30,0,,sample
36,2026-05-13T10:30,1,120,sample
36,2026-05-13T11:30,0,,sample
36,2026-05-13T12:30,1,180,sample
36,2026-05-13T13:30,0,,sample
36,2026-05-13T14:30,1,90,sample
36,2026-05-13T15:30,1,60,sample
36,2026-05-13T16:30,0,,sample
36,2026-05-13T17:30,0,,sample
36,2026-05-14T08:30,0,,sample
36,2026-05-14T09:30,0,,sample
36,2026-05-14T10:30,1,180,sample
36,2026-05-14T11:30,1,90,sample
36,2026-05-14T12:30,1,90,sample
36,2026-05-14T13:30,1,60,sample
36,2026-05-14T14:30,1,30,sample
36,2026-05-14T15:30,1,120,sample
36,2026-05-14T16:30,1,15,sample
36,2026-05-14T17:30,0,,sample
36,2026-05-15T08:30,0,,sample
36,2026-05-15T09:30,0,,sample
36,2026-05-15T10:30,0,,sample
36,2026-05-15T11:30,1,120,sample
36,2026-05-15T12:30,0,,sample
36,2026-05-15T13:30,0,,sample
36,2026-05-15T14:30,0,,sample
36,2026-05-15T15:30,1,90,sample
36,2026-05-15T16:30,0,,sample
36,2026-05-15T17:30,0,,sample
36,2026-05-18T08:30,1,180,sample
36,2026-05-18T09:30,1,120,sample
36,2026-05-18T10:30,0,,sample
36,2026-05-18T11:30,1,60,sample
36,2026-05-18T12:30,0,,sample
36,2026-05-18T13:30,1,45,sample
36,2026-05-18T14:30,1,180,sample
36,2026-05-18T15:30,0,,sample
36,2026-05-18T16:30,0,,sample
36,2026-05-18T17:30,0,,sample
36,2026-05-19T08:30,1,120,sample
36,2026-05-19T09:30,1,180,sample
36,2026-05-19T10:30,0,,sample
36,2026-05-19T11:30,0,,sample
36,2026-05-19T12:30,0,,sample
36,2026-05-19T13:30,0,,sample
36,2026-05-19T14:30,0,,sample
36,2026-05-19T15:30,0,,sample
36,2026-05-19T16:30,0,,sample
36,2026-05-19T17:30,0,,sample
36,2026-05-20T08:30,1,60,sample
36,2026-05-20T09:30,1,90,sample
36,2026-05-20T10:30,1,120,sample
36,2026-05-20T11:30,0,,sample
36,2026-05-20T12:30,0,,sample
36,2026-05-20T13:30,0,,sample
36,2026-05-20T14:30,1,90,sample
36,2026-05-20T15:30,0,,sample
36,2026-05-20T16:30,0,,sample
36,2026-05-20T17:30,1,30,sample
36,2026-05-21T08:30,1,60,sample
36,2026-05-21T09:30,0,,sample
36,2026-05-21T10:30,0,,sample
36,2026-05-21T11:30,1,60,sample
36,2026-05-21T12:30,0,,sample
36,2026-05-21T13:30,0,,sample
36,2026-05-21T14:30,1,90,sample
36,2026-05-21T15:30,1,120,sample
36,2026-05-21T16:30,1,30,sample
36,2026-05-21T17:30,0,,sample
36,2026-05-22T08:30,0,,sample
36,2026-05-22T09:30,0,,sample
36,2026-05-22T10:30,1,45,sample
36,2026-05-22T11:30,1,120,sample
36,2026-05-22T12:30,0,,sample
36,2026-05-22T13:30,1,60,sample
36,2026-05-22T14:30,1,45,sample
36,2026-05-22T15:30,1,120,sample
36,2026-05-22T16:30,0,,sample
36,2026-05-22T17:30,0,,sample
37,2026-05-04T08:30,0,,sample
37,2026-05-04T09:30,1,180,sample
37,2026-05-04T10:30,1,30,sample
37,2026-05-04T11:30,1,180,sample
37,2026-05-04T12:30,0,,sample
37,2026-05-04T13:30,0,,sample
37,2026-05-04T14:30,1,45,sample
37,2026-05-04T15:30,1,30,sample
37,2026-05-04T16:30,1,45,sample
37,2026-05-04T17:30,0,,sample
37,2026-05-05T08:30,0,,sample
37,2026-05-05T09:30,1,120,sample
37,2026-05-05T10:30,0,,sample
37,2026-05-05T11:30,1,60,sample
37,2026-05-05T12:30,1,60,sample
37,2026-05-05T13:30,0,,sample
37,2026-05-05T14:30,1,90,sample
37,2026-05-05T15:30,1,90,sample
37,2026-05-05T16:30,0,,sample
37,2026-05-05T17:30,1,60,sample
37,2026-05-06T08:30,0,,sample
37,2026-05-06T09:30,0,,sample
37,2026-05-06T10:30,1,120,sample
37,2026-05-06T11:30,1,180,sample
37,2026-05-06T12:30,1,180,sample
37,2026-05-06T13:30,1,90,sample
37,2026-05-06T14:30,1,60,sample
37,2026-05-06T15:30,0,,sample
37,2026-05-06T16:30,0,,sample
37,2026-05-06T17:30,1,60,sample
37,2026-05-07T08:30,1,120,sample
37,2026-05-07T09:30,0,,sample
37,2026-05-07T10:30,0,,sample
37,2026-05-07T11:30,0,,sample
37,2026-05-07T12:30,0,,sample
37,2026-05-07T13:30,1,90,sample
37,2026-05-07T14:30,1,90,sample
37,2026-05-07T15:30,1,120,sample
37,2026-05-07T16:30,0,,sample
37,2026-05-07T17:30,1,90,sample
37,2026-05-08T08:30,0,,sample
37,2026-05-08T09:30,1,120,sample
37,2026-05-08T10:30,1,120,sample
37,2026-05-08T11:30,0,,sample
37,2026-05-08T12:30,1,120,sample
37,2026-05-08T13:30,1,30,sample
37,2026-05-08T14:30,1,120,sample
37,2026-05-08T15:30,1,45,sample
37,2026-05-08T16:30,0,,sample
37,2026-05-08T17:30,0,,sample
37,2026-05-11T08:30,1,120,sample
37,2026-05-11T09:30,1,180,sample
37,2026-05-11T10:30,1,60,sample
37,2026-05-11T11:30,1,45,sample
37,2026-05-11T12:30,1,60,sample
37,2026-05-11T13:30,0,,sample
37,2026-05-11T14:30,1,180,sample
37,2026-05-11T15:30,1,45,sample
37,2026-05-11T16:30,0,,sample
37,2026-05-11T17:30,0,,sample
37,2026-05-12T08:30,0,,sample
37,2026-05-12T09:30,0,,sample
37,2026-05-12T10:30,1,180,sample
37,2026-05-12T11:30,1,120,sample
37,2026-05-12T12:30,1,60,sample
37,2026-05-12T13:30,1,180,sample
37,2026-05-12T14:30,1,180,sample
37,2026-05-12T15:30,1,30,sample
37,2026-05-12T16:30,1,30,sample
37,2026-05-12T17:30,0,,sample
37,2026-05-13T08:30,0,,sample
37,2026-05-13T09:30,0,,sample
37,2026-05-13T10:30,1,60,sample
37,2026-05-13T11:30,1,180,sample
37,2026-05-13T12:30,0,,sample
37,2026-05-13T13:30,1,180,sample
37,2026-05-13T14:30,1,60,sample
37,2026-05-13T15:30,0,,sample
37,2026-05-13T16:30,0,,sample
37,2026-05-13T17:30,0,,sample
37,2026-05-14T08:30,0,,sample
37,2026-05-14T09:30,1,60,sample
37,2026-05-14T10:30,0,,sample
37,2026-05-14T11:30,0,,sample
37,2026-05-14T12:30,1,120,sample
37,2026-05-14T13:30,0,,sample
37,2026-05-14T14:30,1,120,sample
37,2026-05-14T15:30,1,30,sample
37,2026-05-14T16:30,1,45,sample
37,2026-05-14T17:30,0,,sample
37,2026-05-15T08:30,1,90,sample
37,2026-05-15T09:30,0,,sample
37,2026-05-15T10:30,0,,sample
37,2026-05-15T11:30,0,,sample
37,2026-05-15T12:30,0,,sample
37,2026-05-15T13:30,1,60,sample
37,2026-05-15T14:30,0,,sample
37,2026-05-15T15:30,1,120,sample
37,2026-05-15T16:30,0,,sample
37,2026-05-15T17:30,0,,sample
37,2026-05-18T08:30,0,,sample
37,2026-05-18T09:30,0,,sample
37,2026-05-18T10:30,0,,sample
37,2026-05-18T11:30,0,,sample
37,2026-05-18T12:30,1,180,sample
37,2026-05-18T13:30,1,180,sample
37,2026-05-18T14:30,1,120,sample
37,2026-05-18T15:30,0,,sample
37,2026-05-18T16:30,0,,sample
37,2026-05-18T17:30,1,30,sample
37,2026-05-19T08:30,0,,sample
37,2026-05-19T09:30,1,45,sample
37,2026-05-19T10:30,0,,sample
37,2026-05-19T11:30,0,,sample
37,2026-05-19T12:30,1,60,sample
37,2026-05-19T13:30,0,,sample
37,2026-05-19T14:30,1,120,sample
37,2026-05-19T15:30,1,30,sample
37,2026-05-19T16:30,1,90,sample
37,2026-05-19T17:30,0,,sample
37,2026-05-20T08:30,0,,sample
37,2026-05-20T09:30,1,45,sample
37,2026-05-20T10:30,0,,sample
37,2026-05-20T11:30,1,45,sample
37,2026-05-20T12:30,1,180,sample
37,2026-05-20T13:30,1,180,sample
37,2026-05-20T14:30,1,120,sample
37,2026-05-20T15:30,1,60,sample
37,2026-05-20T16:30,0,,sample
37,2026-05-20T17:30,0,,sample
37,2026-05-21T08:30,0,,sample
37,2026-05-21T09:30,1,180,sample
37,2026-05-21T10:30,1,60,sample
37,2026-05-21T11:30,1,90,sample
37,2026-05-21T12:30,1,120,sample
37,2026-05-21T13:30,0,,sample
37,2026-05-21T14:30,1,60,sample
37,2026-05-21T15:30,1,60,sample
37,2026-05-21T16:30,0,,sample
37,2026-05-21T17:30,0,,sample
37,2026-05-22T08:30,1,120,sample
37,2026-05-22T09:30,0,,sample
37,2026-05-22T10:30,1,60,sample
37,2026-05-22T11:30,1,180,sample
37,2026-05-22T12:30,0,,sample
37,2026-05-22T13:30,0,,sample
37,2026-05-22T14:30,1,180,sample
37,2026-05-22T15:30,1,45,sample
37,2026-05-22T16:30,1,45,sample
37,2026-05-22T17:30,0,,sample
38,2026-05-04T08:30,0,,sample
38,2026-05-04T09:30,0,,sample
38,2026-05-04T10:30,0,,sample
38,2026-05-04T11:30,1,90,sample
38,2026-05-04T12:30,1,60,sample
38,2026-05-04T13:30,0,,sample
38,2026-05-04T14:30,0,,sample
38,2026-05-04T15:30,0,,sample
38,2026-05-04T16:30,0,,sample
38,2026-05-04T17:30,0,,sample
38,2026-05-05T08:30,0,,sample
38,2026-05-05T09:30,1,120,sample
38,2026-05-05T10:30,0,,sample
38,2026-05-05T11:30,1,120,sample
38,2026-05-05T12:30,1,120,sample
38,2026-05-05T13:30,1,60,sample
38,2026-05-05T14:30,0,,sample
38,2026-05-05T15:30,0,,sample
38,2026-05-05T16:30,1,15,sample
38,2026-05-05T17:30,0,,sample
38,2026-05-06T08:30,0,,sample
38,2026-05-06T09:30,0,,sample
38,2026-05-06T10:30,0,,sample
38,2026-05-06T11:30,1,120,sample
38,2026-05-06T12:30,0,,sample
38,2026-05-06T13:30,1,120,sample
38,2026-05-06T14:30,1,120,sample
38,2026-05-06T15:30,1,30,sample
38,2026-05-06T16:30,1,45,sample
38,2026-05-06T17:30,1,60,sample
38,2026-05-07T08:30,1,30,sample
38,2026-05-07T09:30,1,45,sample
38,2026-05-07T10:30,0,,sample
38,2026-05-07T11:30,1,60,sample
38,2026-05-07T12:30,0,,sample
38,2026-05-07T13:30,0,,sample
38,2026-05-07T14:30,1,120,sample
38,2026-05-07T15:30,1,30,sample
38,2026-05-07T16:30,1,30,sample
38,2026-05-07T17:30,0,,sample
38,2026-05-08T08:30,1,45,sample
38,2026-05-08T09:30,0,,sample
38,2026-05-08T10:30,1,90,sample
38,2026-05-08T11:30,1,120,sample
38,2026-05-08T12:30,0,,sample
38,2026-05-08T13:30,1,120,sample
38,2026-05-08T14:30,0,,sample
38,2026-05-08T15:30,0,,sample
38,2026-05-08T16:30,1,45,sample
38,2026-05-08T17:30,0,,sample
38,2026-05-11T08:30,1,60,sample
38,2026-05-11T09:30,1,120,sample
38,2026-05-11T10:30,1,180,sample
38,2026-05-11T11:30,1,45,sample
38,2026-05-11T12:30,0,,sample
38,2026-05-11T13:30,0,,sample
38,2026-05-11T14:30,0,,sample
38,2026-05-11T15:30,1,120,sample
38,2026-05-11T16:30,0,,sample
38,2026-05-11T17:30,1,90,sample
38,2026-05-12T08:30,1,180,sample
38,2026-05-12T09:30,1,45,sample
38,2026-05-12T10:30,1,120,sample
38,2026-05-12T11:30,1,180,sample
38,2026-05-12T12:30,1,90,sample
38,2026-05-12T13:30,1,45,sample
38,2026-05-12T14:30,0,,sample
38,2026-05-12T15:30,0,,sample
38,2026-05-12T16:30,0,,sample
38,2026-05-12T17:30,0,,sample
38,2026-05-13T08:30,0,,sample
38,2026-05-13T09:30,1,30,sample
38,2026-05-13T10:30,1,30,sample
38,2026-05-13T11:30,0,,sample
38,2026-05-13T12:30,1,120,sample
38,2026-05-13T13:30,1,30,sample
38,2026-05-13T14:30,1,120,sample
38,2026-05-13T15:30,1,180,sample
38,2026-05-13T16:30,0,,sample
38,2026-05-13T17:30,0,,sample
38,2026-05-14T08:30,1,60,sample
38,2026-05-14T09:30,0,,sample
38,2026-05-14T10:30,0,,sample
38,2026-05-14T11:30,1,60,sample
38,2026-05-14T12:30,0,,sample
38,2026-05-14T13:30,0,,sample
38,2026-05-14T14:30,1,30,sample
38,2026-05-14T15:30,1,45,sample
38,2026-05-14T16:30,1,45,sample
38,2026-05-14T17:30,0,,sample
38,2026-05-15T08:30,0,,sample
38,2026-05-15T09:30,1,45,sample
38,2026-05-15T10:30,0,,sample
38,2026-05-15T11:30,0,,sample
38,2026-05-15T12:30,1,60,sample
38,2026-05-15T13:30,0,,sample
38,2026-05-15T14:30,1,180,sample
38,2026-05-15T15:30,1,120,sample
38,2026-05-15T16:30,0,,sample
38,2026-05-15T17:30,0,,sample
38,2026-05-18T08:30,0,,sample
38,2026-05-18T09:30,0,,sample
38,2026-05-18T10:30,1,90,sample
38,2026-05-18T11:30,1,120,sample
38,2026-05-18T12:30,0,,sample
38,2026-05-18T13:30,1,45,sample
38,2026-05-18T14:30,1,45,sample
38,2026-05-18T15:30,0,,sample
38,2026-05-18T16:30,0,,sample
38,2026-05-18T17:30,1,15,sample
38,2026-05-19T08:30,1,90,sample
38,2026-05-19T09:30,0,,sample
38,2026-05-19T10:30,1,90,sample
38,2026-05-19T11:30,1,180,sample
38,2026-05-19T12:30,0,,sample
38,2026-05-19T13:30,1,120,sample
38,2026-05-19T14:30,1,180,sample
38,2026-05-19T15:30,1,30,sample
38,2026-05-19T16:30,0,,sample
38,2026-05-19T17:30,0,,sample
38,2026-05-20T08:30,0,,sample
38,2026-05-20T09:30,1,180,sample
38,2026-05-20T10:30,1,45,sample
38,2026-05-20T11:30,0,,sample
38,2026-05-20T12:30,1,180,sample
38,2026-05-20T13:30,1,90,sample
38,2026-05-20T14:30,1,30,sample
38,2026-05-20T15:30,0,,sample
38,2026-05-20T16:30,1,15,sample
38,2026-05-20T17:30,0,,sample
38,2026-05-21T08:30,0,,sample
38,2026-05-21T09:30,0,,sample
38,2026-05-21T10:30,1,120,sample
38,2026-05-21T11:30,1,90,sample
38,2026-05-21T12:30,0,,sample
38,2026-05-21T13:30,0,,sample
38,2026-05-21T14:30,1,120,sample
38,2026-05-21T15:30,0,,sample
38,2026-05-21T16:30,0,,sample
38,2026-05-21T17:30,0,,sample
38,2026-05-22T08:30,1,90,sample
38,2026-05-22T09:30,1,30,sample
38,2026-05-22T10:30,1,60,sample
38,2026-05-22T11:30,1,30,sample
38,2026-05-22T12:30,0,,sample
38,2026-05-22T13:30,0,,sample
38,2026-05-22T14:30,0,,sample
38,2026-05-22T15:30,1,60,sample
38,2026-05-22T16:30,0,,sample
38,2026-05-22T17:30,1,30,sample
39,2026-05-04T08:30,1,45,sample
39,2026-05-04T09:30,0,,sample
39,2026-05-04T10:30,0,,sample
39,2026-05-04T11:30,1,45,sample
39,2026-05-04T12:30,0,,sample
39,2026-05-04T13:30,1,60,sample
39,2026-05-04T14:30,1,120,sample
39,2026-05-04T15:30,1,60,sample
39,2026-05-04T16:30,0,,sample
39,2026-05-04T17:30,0,,sample
39,2026-05-05T08:30,0,,sample
39,2026-05-05T09:30,1,30,sample
39,2026-05-05T10:30,0,,sample
39,2026-05-05T11:30,0,,sample
39,2026-05-05T12:30,1,60,sample
39,2026-05-05T13:30,0,,sample
39,2026-05-05T14:30,1,60,sample
39,2026-05-05T15:30,1,120,sample
39,2026-05-05T16:30,1,90,sample
39,2026-05-05T17:30,1,30,sample
39,2026-05-06T08:30,1,120,sample
39,2026-05-06T09:30,0,,sample
39,2026-05-06T10:30,1,60,sample
39,2026-05-06T11:30,1,180,sample
39,2026-05-06T12:30,0,,sample
39,2026-05-06T13:30,1,90,sample
39,2026-05-06T14:30,0,,sample
39,2026-05-06T15:30,1,180,sample
39,2026-05-06T16:30,0,,sample
39,2026-05-06T17:30,0,,sample
39,2026-05-07T08:30,0,,sample
39,2026-05-07T09:30,0,,sample
39,2026-05-07T10:30,0,,sample
39,2026-05-07T11:30,1,120,sample
39,2026-05-07T12:30,0,,sample
39,2026-05-07T13:30,0,,sample
39,2026-05-07T14:30,0,,sample
39,2026-05-07T15:30,1,45,sample
39,2026-05-07T16:30,0,,sample
39,2026-05-07T17:30,1,30,sample
39,2026-05-08T08:30,0,,sample
39,2026-05-08T09:30,0,,sample
39,2026-05-08T10:30,1,30,sample
39,2026-05-08T11:30,0,,sample
39,2026-05-08T12:30,0,,sample
39,2026-05-08T13:30,1,120,sample
39,2026-05-08T14:30,0,,sample
39,2026-05-08T15:30,1,60,sample
39,2026-05-08T16:30,0,,sample
39,2026-05-08T17:30,0,,sample
39,2026-05-11T08:30,0,,sample
39,2026-05-11T09:30,1,60,sample
39,2026-05-11T10:30,0,,sample
39,2026-05-11T11:30,1,60,sample
39,2026-05-11T12:30,0,,sample
39,2026-05-11T13:30,0,,sample
39,2026-05-11T14:30,1,45,sample
39,2026-05-11T15:30,1,120,sample
39,2026-05-11T16:30,1,30,sample
39,2026-05-11T17:30,1,45,sample
39,2026-05-12T08:30,1,45,sample
39,2026-05-12T09:30,0,,sample
39,2026-05-12T10:30,1,120,sample
39,2026-05-12T11:30,1,90,sample
39,2026-05-12T12:30,1,120,sample
39,2026-05-12T13:30,0,,sample
39,2026-05-12T14:30,0,,sample
39,2026-05-12T15:30,1,30,sample
39,2026-05-12T16:30,1,60,sample
39,2026-05-12T17:30,0,,sample
39,2026-05-13T08:30,0,,sample
39,2026-05-13T09:30,0,,sample
39,2026-05-13T10:30,1,90,sample
39,2026-05-13T11:30,0,,sample
39,2026-05-13T12:30,0,,sample
39,2026-05-13T13:30,0,,sample
39,2026-05-13T14:30,1,30,sample
39,2026-05-13T15:30,1,180,sample
39,2026-05-13T16:30,1,15,sample
39,2026-05-13T17:30,0,,sample
39,2026-05-14T08:30,1,60,sample
39,2026-05-14T09:30,1,45,sample
39,2026-05-14T10:30,1,60,sample
39,2026-05-14T11:30,1,60,sample
39,2026-05-14T12:30,0,,sample
39,2026-05-14T13:30,1,120,sample
39,2026-05-14T14:30,0,,sample
39,2026-05-14T15:30,1,120,sample
39,2026-05-14T16:30,0,,sample
39,2026-05-14T17:30,0,,sample
39,2026-05-15T08:30,0,,sample
39,2026-05-15T09:30,1,30,sample
39,2026-05-15T10:30,1,30,sample
39,2026-05-15T11:30,1,60,sample
39,2026-05-15T12:30,0,,sample
39,2026-05-15T13:30,1,45,sample
39,2026-05-15T14:30,1,60,sample
39,2026-05-15T15:30,0,,sample
39,2026-05-15T16:30,0,,sample
39,2026-05-15T17:30,0,,sample
39,2026-05-18T08:30,1,120,sample
39,2026-05-18T09:30,0,,sample
39,2026-05-18T10:30,0,,sample
39,2026-05-18T11:30,0,,sample
39,2026-05-18T12:30,0,,sample
39,2026-05-18T13:30,0,,sample
39,2026-05-18T14:30,0,,sample
39,2026-05-18T15:30,1,30,sample
39,2026-05-18T16:30,0,,sample
39,2026-05-18T17:30,1,30,sample
39,2026-05-19T08:30,1,45,sample
39,2026-05-19T09:30,0,,sample
39,2026-05-19T10:30,0,,sample
39,2026-05-19T11:30,0,,sample
39,2026-05-19T12:30,1,60,sample
39,2026-05-19T13:30,0,,sample
39,2026-05-19T14:30,0,,sample
39,2026-05-19T15:30,1,60,sample
39,2026-05-19T16:30,0,,sample
39,2026-05-19T17:30,1,15,sample
39,2026-05-20T08:30,1,60,sample
39,2026-05-20T09:30,1,90,sample
39,2026-05-20T10:30,1,60,sample
39,2026-05-20T11:30,0,,sample
39,2026-05-20T12:30,1,30,sample
39,2026-05-20T13:30,0,,sample
39,2026-05-20T14:30,1,180,sample
39,2026-05-20T15:30,1,45,sample
39,2026-05-20T16:30,0,,sample
39,2026-05-20T17:30,1,90,sample
39,2026-05-21T08:30,0,,sample
39,2026-05-21T09:30,0,,sample
39,2026-05-21T10:30,1,60,sample
39,2026-05-21T11:30,1,30,sample
39,2026-05-21T12:30,0,,sample
39,2026-05-21T13:30,1,180,sample
39,2026-05-21T14:30,1,60,sample
39,2026-05-21T15:30,0,,sample
39,2026-05-21T16:30,0,,sample
39,2026-05-21T17:30,1,30,sample
39,2026-05-22T08:30,0,,sample
39,2026-05-22T09:30,0,,sample
39,2026-05-22T10:30,0,,sample
39,2026-05-22T11:30,0,,sample
39,2026-05-22T12:30,1,180,sample
39,2026-05-22T13:30,0,,sample
39,2026-05-22T14:30,1,90,sample
39,2026-05-22T15:30,0,,sample
39,2026-05-22T16:30,1,30,sample
39,2026-05-22T17:30,0,,sample
40,2026-05-04T08:30,0,,sample
40,2026-05-04T09:30,0,,sample
40,2026-05-04T10:30,0,,sample
40,2026-05-04T11:30,0,,sample
40,2026-05-04T12:30,0,,sample
40,2026-05-04T13:30,1,60,sample
40,2026-05-04T14:30,0,,sample
40,2026-05-04T15:30,1,180,sample
40,2026-05-04T16:30,1,30,sample
40,2026-05-04T17:30,0,,sample
40,2026-05-05T08:30,0,,sample
40,2026-05-05T09:30,0,,sample
40,2026-05-05T10:30,1,60,sample
40,2026-05-05T11:30,1,45,sample
40,2026-05-05T12:30,0,,sample
40,2026-05-05T13:30,0,,sample
40,2026-05-05T14:30,1,60,sample
40,2026-05-05T15:30,1,90,sample
40,2026-05-05T16:30,0,,sample
40,2026-05-05T17:30,0,,sample
40,2026-05-06T08:30,1,45,sample
40,2026-05-06T09:30,1,90,sample
40,2026-05-06T10:30,1,60,sample
40,2026-05-06T11:30,1,180,sample
40,2026-05-06T12:30,0,,sample
40,2026-05-06T13:30,1,30,sample
40,2026-05-06T14:30,0,,sample
40,2026-05-06T15:30,0,,sample
40,2026-05-06T16:30,1,45,sample
40,2026-05-06T17:30,1,45,sample
40,2026-05-07T08:30,0,,sample
40,2026-05-07T09:30,0,,sample
40,2026-05-07T10:30,0,,sample
40,2026-05-07T11:30,0,,sample
40,2026-05-07T12:30,0,,sample
40,2026-05-07T13:30,0,,sample
40,2026-05-07T14:30,1,45,sample
40,2026-05-07T15:30,1,180,sample
40,2026-05-07T16:30,1,45,sample
40,2026-05-07T17:30,0,,sample
40,2026-05-08T08:30,0,,sample
40,2026-05-08T09:30,1,60,sample
40,2026-05-08T10:30,1,180,sample
40,2026-05-08T11:30,1,120,sample
40,2026-05-08T12:30,0,,sample
40,2026-05-08T13:30,1,90,sample
40,2026-05-08T14:30,0,,sample
40,2026-05-08T15:30,1,60,sample
40,2026-05-08T16:30,0,,sample
40,2026-05-08T17:30,1,45,sample
40,2026-05-11T08:30,0,,sample
40,2026-05-11T09:30,1,120,sample
40,2026-05-11T10:30,0,,sample
40,2026-05-11T11:30,1,180,sample
40,2026-05-11T12:30,1,120,sample
40,2026-05-11T13:30,0,,sample
40,2026-05-11T14:30,0,,sample
40,2026-05-11T15:30,0,,sample
40,2026-05-11T16:30,1,45,sample
40,2026-05-11T17:30,1,90,sample
40,2026-05-12T08:30,1,60,sample
40,2026-05-12T09:30,0,,sample
40,2026-05-12T10:30,1,120,sample
40,2026-05-12T11:30,0,,sample
40,2026-05-12T12:30,0,,sample
40,2026-05-12T13:30,1,60,sample
40,2026-05-12T14:30,1,30,sample
40,2026-05-12T15:30,0,,sample
40,2026-05-12T16:30,1,30,sample
40,2026-05-12T17:30,1,30,sample
40,2026-05-13T08:30,0,,sample
40,2026-05-13T09:30,1,60,sample
40,2026-05-13T10:30,0,,sample
40,2026-05-13T11:30,0,,sample
40,2026-05-13T12:30,0,,sample
40,2026-05-13T13:30,0,,sample
40,2026-05-13T14:30,0,,sample
40,2026-05-13T15:30,0,,sample
40,2026-05-13T16:30,0,,sample
40,2026-05-13T17:30,1,30,sample
40,2026-05-14T08:30,0,,sample
40,2026-05-14T09:30,1,60,sample
40,2026-05-14T10:30,1,60,sample
40,2026-05-14T11:30,0,,sample
40,2026-05-14T12:30,0,,sample
40,2026-05-14T13:30,0,,sample
40,2026-05-14T14:30,1,180,sample
40,2026-05-14T15:30,1,60,sample
40,2026-05-14T16:30,0,,sample
40,2026-05-14T17:30,0,,sample
40,2026-05-15T08:30,0,,sample
40,2026-05-15T09:30,1,180,sample
40,2026-05-15T10:30,0,,sample
40,2026-05-15T11:30,1,90,sample
40,2026-05-15T12:30,0,,sample
40,2026-05-15T13:30,1,90,sample
40,2026-05-15T14:30,0,,sample
40,2026-05-15T15:30,0,,sample
40,2026-05-15T16:30,0,,sample
40,2026-05-15T17:30,1,30,sample
40,2026-05-18T08:30,0,,sample
40,2026-05-18T09:30,0,,sample
40,2026-05-18T10:30,0,,sample
40,2026-05-18T11:30,0,,sample
40,2026-05-18T12:30,0,,sample
40,2026-05-18T13:30,1,30,sample
40,2026-05-18T14:30,1,120,sample
40,2026-05-18T15:30,0,,sample
40,2026-05-18T16:30,0,,sample
40,2026-05-18T17:30,0,,sample
40,2026-05-19T08:30,0,,sample
40,2026-05-19T09:30,1,45,sample
40,2026-05-19T10:30,1,60,sample
40,2026-05-19T11:30,1,180,sample
40,2026-05-19T12:30,1,60,sample
40,2026-05-19T13:30,0,,sample
40,2026-05-19T14:30,1,90,sample
40,2026-05-19T15:30,0,,sample
40,2026-05-19T16:30,0,,sample
40,2026-05-19T17:30,0,,sample
40,2026-05-20T08:30,0,,sample
40,2026-05-20T09:30,1,120,sample
40,2026-05-20T10:30,0,,sample
40,2026-05-20T11:30,0,,sample
40,2026-05-20T12:30,0,,sample
40,2026-05-20T13:30,0,,sample
40,2026-05-20T14:30,1,180,sample
40,2026-05-20T15:30,1,120,sample
40,2026-05-20T16:30,0,,sample
40,2026-05-20T17:30,0,,sample
40,2026-05-21T08:30,1,60,sample
40,2026-05-21T09:30,1,60,sample
40,2026-05-21T10:30,0,,sample
40,2026-05-21T11:30,1,60,sample
40,2026-05-21T12:30,1,60,sample
40,2026-05-21T13:30,1,90,sample
40,2026-05-21T14:30,0,,sample
40,2026-05-21T15:30,1,120,sample
40,2026-05-21T16:30,1,90,sample
40,2026-05-21T17:30,1,15,sample
40,2026-05-22T08:30,0,,sample
40,2026-05-22T09:30,0,,sample
40,2026-05-22T10:30,1,60,sample
40,2026-05-22T11:30,1,180,sample
40,2026-05-22T12:30,0,,sample
40,2026-05-22T13:30,1,120,sample
40,2026-05-22T14:30,1,60,sample
40,2026-05-22T15:30,1,60,sample
40,2026-05-22T16:30,0,,sample
40,2026-05-22T17:30,0,,sample
41,2026-05-04T08:30,0,,sample
41,2026-05-04T09:30,0,,sample
41,2026-05-04T10:30,0,,sample
41,2026-05-04T11:30,0,,sample
41,2026-05-04T12:30,1,60,sample
41,2026-05-04T13:30,0,,sample
41,2026-05-04T14:30,1,60,sample
41,2026-05-04T15:30,0,,sample
41,2026-05-04T16:30,0,,sample
41,2026-05-04T17:30,0,,sample
41,2026-05-05T08:30,0,,sample
41,2026-05-05T09:30,0,,sample
41,2026-05-05T10:30,1,30,sample
41,2026-05-05T11:30,1,15,sample
41,2026-05-05T12:30,1,15,sample
41,2026-05-05T13:30,0,,sample
41,2026-05-05T14:30,0,,sample
41,2026-05-05T15:30,1,60,sample
41,2026-05-05T16:30,0,,sample
41,2026-05-05T17:30,0,,sample
41,2026-05-06T08:30,0,,sample
41,2026-05-06T09:30,1,60,sample
41,2026-05-06T10:30,0,,sample
41,2026-05-06T11:30,1,30,sample
41,2026-05-06T12:30,0,,sample
41,2026-05-06T13:30,1,45,sample
41,2026-05-06T14:30,1,90,sample
41,2026-05-06T15:30,0,,sample
41,2026-05-06T16:30,0,,sample
41,2026-05-06T17:30,1,90,sample
41,2026-05-07T08:30,1,90,sample
41,2026-05-07T09:30,0,,sample
41,2026-05-07T10:30,1,90,sample
41,2026-05-07T11:30,0,,sample
41,2026-05-07T12:30,1,60,sample
41,2026-05-07T13:30,1,30,sample
41,2026-05-07T14:30,0,,sample
41,2026-05-07T15:30,0,,sample
41,2026-05-07T16:30,1,60,sample
41,2026-05-07T17:30,0,,sample
41,2026-05-08T08:30,0,,sample
41,2026-05-08T09:30,0,,sample
41,2026-05-08T10:30,1,60,sample
41,2026-05-08T11:30,1,15,sample
41,2026-05-08T12:30,0,,sample
41,2026-05-08T13:30,0,,sample
41,2026-05-08T14:30,0,,sample
41,2026-05-08T15:30,0,,sample
41,2026-05-08T16:30,1,45,sample
41,2026-05-08T17:30,1,30,sample
41,2026-05-11T08:30,1,15,sample
41,2026-05-11T09:30,0,,sample
41,2026-05-11T10:30,0,,sample
41,2026-05-11T11:30,0,,sample
41,2026-05-11T12:30,0,,sample
41,2026-05-11T13:30,1,60,sample
41,2026-05-11T14:30,1,90,sample
41,2026-05-11T15:30,0,,sample
41,2026-05-11T16:30,0,,sample
41,2026-05-11T17:30,0,,sample
41,2026-05-12T08:30,1,45,sample
41,2026-05-12T09:30,0,,sample
41,2026-05-12T10:30,0,,sample
41,2026-05-12T11:30,0,,sample
41,2026-05-12T12:30,0,,sample
41,2026-05-12T13:30,0,,sample
41,2026-05-12T14:30,0,,sample
41,2026-05-12T15:30,0,,sample
41,2026-05-12T16:30,1,15,sample
41,2026-05-12T17:30,0,,sample
41,2026-05-13T08:30,0,,sample
41,2026-05-13T09:30,0,,sample
41,2026-05-13T10:30,1,30,sample
41,2026-05-13T11:30,0,,sample
41,2026-05-13T12:30,1,90,sample
41,2026-05-13T13:30,0,,sample
41,2026-05-13T14:30,0,,sample
41,2026-05-13T15:30,0,,sample
41,2026-05-13T16:30,0,,sample
41,2026-05-13T17:30,0,,sample
41,2026-05-14T08:30,1,15,sample
41,2026-05-14T09:30,0,,sample
41,2026-05-14T10:30,0,,sample
41,2026-05-14T11:30,1,30,sample
41,2026-05-14T12:30,0,,sample
41,2026-05-14T13:30,0,,sample
41,2026-05-14T14:30,0,,sample
41,2026-05-14T15:30,0,,sample
41,2026-05-14T16:30,0,,sample
41,2026-05-14T17:30,0,,sample
41,2026-05-15T08:30,0,,sample
41,2026-05-15T09:30,1,90,sample
41,2026-05-15T10:30,1,60,sample
41,2026-05-15T11:30,0,,sample
41,2026-05-15T12:30,0,,sample
41,2026-05-15T13:30,0,,sample
41,2026-05-15T14:30,1,60,sample
41,2026-05-15T15:30,0,,sample
41,2026-05-15T16:30,0,,sample
41,2026-05-15T17:30,0,,sample
41,2026-05-18T08:30,0,,sample
41,2026-05-18T09:30,1,30,sample
41,2026-05-18T10:30,0,,sample
41,2026-05-18T11:30,1,60,sample
41,2026-05-18T12:30,0,,sample
41,2026-05-18T13:30,0,,sample
41,2026-05-18T14:30,1,90,sample
41,2026-05-18T15:30,1,30,sample
41,2026-05-18T16:30,0,,sample
41,2026-05-18T17:30,1,90,sample
41,2026-05-19T08:30,0,,sample
41,2026-05-19T09:30,1,30,sample
41,2026-05-19T10:30,1,15,sample
41,2026-05-19T11:30,1,60,sample
41,2026-05-19T12:30,0,,sample
41,2026-05-19T13:30,0,,sample
41,2026-05-19T14:30,0,,sample
41,2026-05-19T15:30,1,45,sample
41,2026-05-19T16:30,1,45,sample
41,2026-05-19T17:30,0,,sample
41,2026-05-20T08:30,1,30,sample
41,2026-05-20T09:30,0,,sample
41,2026-05-20T10:30,1,15,sample
41,2026-05-20T11:30,0,,sample
41,2026-05-20T12:30,1,90,sample
41,2026-05-20T13:30,0,,sample
41,2026-05-20T14:30,0,,sample
41,2026-05-20T15:30,0,,sample
41,2026-05-20T16:30,0,,sample
41,2026-05-20T17:30,0,,sample
41,2026-05-21T08:30,0,,sample
41,2026-05-21T09:30,0,,sample
41,2026-05-21T10:30,1,60,sample
41,2026-05-21T11:30,0,,sample
41,2026-05-21T12:30,1,15,sample
41,2026-05-21T13:30,0,,sample
41,2026-05-21T14:30,1,90,sample
41,2026-05-21T15:30,0,,sample
41,2026-05-21T16:30,0,,sample
41,2026-05-21T17:30,0,,sample
41,2026-05-22T08:30,0,,sample
41,2026-05-22T09:30,0,,sample
41,2026-05-22T10:30,0,,sample
41,2026-05-22T11:30,0,,sample
41,2026-05-22T12:30,1,15,sample
41,2026-05-22T13:30,0,,sample
41,2026-05-22T14:30,0,,sample
41,2026-05-22T15:30,1,30,sample
41,2026-05-22T16:30,0,,sample
41,2026-05-22T17:30,0,,sample
42,2026-05-04T08:30,0,,sample
42,2026-05-04T09:30,0,,sample
42,2026-05-04T10:30,0,,sample
42,2026-05-04T11:30,0,,sample
42,2026-05-04T12:30,0,,sample
42,2026-05-04T13:30,0,,sample
42,2026-05-04T14:30,1,60,sample
42,2026-05-04T15:30,0,,sample
42,2026-05-04T16:30,1,30,sample
42,2026-05-04T17:30,0,,sample
42,2026-05-05T08:30,1,45,sample
42,2026-05-05T09:30,0,,sample
42,2026-05-05T10:30,0,,sample
42,2026-05-05T11:30,1,15,sample
42,2026-05-05T12:30,0,,sample
42,2026-05-05T13:30,1,45,sample
42,2026-05-05T14:30,0,,sample
42,2026-05-05T15:30,1,15,sample
42,2026-05-05T16:30,0,,sample
42,2026-05-05T17:30,0,,sample
42,2026-05-06T08:30,0,,sample
42,2026-05-06T09:30,0,,sample
42,2026-05-06T10:30,0,,sample
42,2026-05-06T11:30,1,60,sample
42,2026-05-06T12:30,0,,sample
42,2026-05-06T13:30,1,15,sample
42,2026-05-06T14:30,1,30,sample
42,2026-05-06T15:30,1,30,sample
42,2026-05-06T16:30,0,,sample
42,2026-05-06T17:30,0,,sample
42,2026-05-07T08:30,0,,sample
42,2026-05-07T09:30,1,90,sample
42,2026-05-07T10:30,0,,sample
42,2026-05-07T11:30,0,,sample
42,2026-05-07T12:30,1,60,sample
42,2026-05-07T13:30,0,,sample
42,2026-05-07T14:30,0,,sample
42,2026-05-07T15:30,1,30,sample
42,2026-05-07T16:30,0,,sample
42,2026-05-07T17:30,1,60,sample
42,2026-05-08T08:30,0,,sample
42,2026-05-08T09:30,0,,sample
42,2026-05-08T10:30,0,,sample
42,2026-05-08T11:30,1,90,sample
42,2026-05-08T12:30,0,,sample
42,2026-05-08T13:30,0,,sample
42,2026-05-08T14:30,0,,sample
42,2026-05-08T15:30,1,60,sample
42,2026-05-08T16:30,0,,sample
42,2026-05-08T17:30,1,90,sample
42,2026-05-11T08:30,0,,sample
42,2026-05-11T09:30,0,,sample
42,2026-05-11T10:30,1,60,sample
42,2026-05-11T11:30,1,90,sample
42,2026-05-11T12:30,0,,sample
42,2026-05-11T13:30,0,,sample
42,2026-05-11T14:30,0,,sample
42,2026-05-11T15:30,0,,sample
42,2026-05-11T16:30,0,,sample
42,2026-05-11T17:30,1,45,sample
42,2026-05-12T08:30,1,60,sample
42,2026-05-12T09:30,1,30,sample
42,2026-05-12T10:30,1,30,sample
42,2026-05-12T11:30,0,,sample
42,2026-05-12T12:30,0,,sample
42,2026-05-12T13:30,0,,sample
42,2026-05-12T14:30,0,,sample
42,2026-05-12T15:30,1,90,sample
42,2026-05-12T16:30,1,60,sample
42,2026-05-12T17:30,0,,sample
42,2026-05-13T08:30,0,,sample
42,2026-05-13T09:30,0,,sample
42,2026-05-13T10:30,1,45,sample
42,2026-05-13T11:30,0,,sample
42,2026-05-13T12:30,1,15,sample
42,2026-05-13T13:30,0,,sample
42,2026-05-13T14:30,1,45,sample
42,2026-05-13T15:30,0,,sample
42,2026-05-13T16:30,0,,sample
42,2026-05-13T17:30,1,45,sample
42,2026-05-14T08:30,0,,sample
42,2026-05-14T09:30,0,,sample
42,2026-05-14T10:30,1,60,sample
42,2026-05-14T11:30,0,,sample
42,2026-05-14T12:30,1,60,sample
42,2026-05-14T13:30,1,45,sample
42,2026-05-14T14:30,0,,sample
42,2026-05-14T15:30,1,30,sample
42,2026-05-14T16:30,1,15,sample
42,2026-05-14T17:30,0,,sample
42,2026-05-15T08:30,1,60,sample
42,2026-05-15T09:30,0,,sample
42,2026-05-15T10:30,0,,sample
42,2026-05-15T11:30,0,,sample
42,2026-05-15T12:30,0,,sample
42,2026-05-15T13:30,0,,sample
42,2026-05-15T14:30,0,,sample
42,2026-05-15T15:30,0,,sample
42,2026-05-15T16:30,1,60,sample
42,2026-05-15T17:30,1,60,sample
42,2026-05-18T08:30,0,,sample
42,2026-05-18T09:30,0,,sample
42,2026-05-18T10:30,0,,sample
42,2026-05-18T11:30,0,,sample
42,2026-05-18T12:30,0,,sample
42,2026-05-18T13:30,1,30,sample
42,2026-05-18T14:30,0,,sample
42,2026-05-18T15:30,0,,sample
42,2026-05-18T16:30,0,,sample
42,2026-05-18T17:30,0,,sample
42,2026-05-19T08:30,0,,sample
42,2026-05-19T09:30,0,,sample
42,2026-05-19T10:30,1,90,sample
42,2026-05-19T11:30,0,,sample
42,2026-05-19T12:30,0,,sample
42,2026-05-19T13:30,0,,sample
42,2026-05-19T14:30,1,60,sample
42,2026-05-19T15:30,0,,sample
42,2026-05-19T16:30,0,,sample
42,2026-05-19T17:30,0,,sample
42,2026-05-20T08:30,0,,sample
42,2026-05-20T09:30,1,60,sample
42,2026-05-20T10:30,1,15,sample
42,2026-05-20T11:30,1,30,sample
42,2026-05-20T12:30,0,,sample
42,2026-05-20T13:30,0,,sample
42,2026-05-20T14:30,0,,sample
42,2026-05-20T15:30,1,90,sample
42,2026-05-20T16:30,1,15,sample
42,2026-05-20T17:30,0,,sample
42,2026-05-21T08:30,1,60,sample
42,2026-05-21T09:30,0,,sample
42,2026-05-21T10:30,0,,sample
42,2026-05-21T11:30,1,45,sample
42,2026-05-21T12:30,1,60,sample
42,2026-05-21T13:30,0,,sample
42,2026-05-21T14:30,1,45,sample
42,2026-05-21T15:30,1,90,sample
42,2026-05-21T16:30,0,,sample
42,2026-05-21T17:30,0,,sample
42,2026-05-22T08:30,0,,sample
42,2026-05-22T09:30,0,,sample
42,2026-05-22T10:30,0,,sample
42,2026-05-22T11:30,0,,sample
42,2026-05-22T12:30,0,,sample
42,2026-05-22T13:30,0,,sample
42,2026-05-22T14:30,1,30,sample
42,2026-05-22T15:30,0,,sample
42,2026-05-22T16:30,1,15,sample
42,2026-05-22T17:30,0,,sample
43,2026-05-04T08:30,0,,sample
43,2026-05-04T09:30,0,,sample
43,2026-05-04T10:30,0,,sample
43,2026-05-04T11:30,1,60,sample
43,2026-05-04T12:30,0,,sample
43,2026-05-04T13:30,0,,sample
43,2026-05-04T14:30,1,15,sample
43,2026-05-04T15:30,1,45,sample
43,2026-05-04T16:30,0,,sample
43,2026-05-04T17:30,0,,sample
43,2026-05-05T08:30,0,,sample
43,2026-05-05T09:30,1,30,sample
43,2026-05-05T10:30,1,30,sample
43,2026-05-05T11:30,0,,sample
43,2026-05-05T12:30,0,,sample
43,2026-05-05T13:30,0,,sample
43,2026-05-05T14:30,0,,sample
43,2026-05-05T15:30,0,,sample
43,2026-05-05T16:30,1,30,sample
43,2026-05-05T17:30,0,,sample
43,2026-05-06T08:30,0,,sample
43,2026-05-06T09:30,1,30,sample
43,2026-05-06T10:30,0,,sample
43,2026-05-06T11:30,1,60,sample
43,2026-05-06T12:30,0,,sample
43,2026-05-06T13:30,0,,sample
43,2026-05-06T14:30,0,,sample
43,2026-05-06T15:30,0,,sample
43,2026-05-06T16:30,0,,sample
43,2026-05-06T17:30,1,15,sample
43,2026-05-07T08:30,0,,sample
43,2026-05-07T09:30,0,,sample
43,2026-05-07T10:30,0,,sample
43,2026-05-07T11:30,1,60,sample
43,2026-05-07T12:30,0,,sample
43,2026-05-07T13:30,0,,sample
43,2026-05-07T14:30,0,,sample
43,2026-05-07T15:30,1,30,sample
43,2026-05-07T16:30,1,30,sample
43,2026-05-07T17:30,0,,sample
43,2026-05-08T08:30,0,,sample
43,2026-05-08T09:30,0,,sample
43,2026-05-08T10:30,0,,sample
43,2026-05-08T11:30,0,,sample
43,2026-05-08T12:30,0,,sample
43,2026-05-08T13:30,0,,sample
43,2026-05-08T14:30,0,,sample
43,2026-05-08T15:30,1,30,sample
43,2026-05-08T16:30,0,,sample
43,2026-05-08T17:30,0,,sample
43,2026-05-11T08:30,0,,sample
43,2026-05-11T09:30,0,,sample
43,2026-05-11T10:30,0,,sample
43,2026-05-11T11:30,0,,sample
43,2026-05-11T12:30,1,30,sample
43,2026-05-11T13:30,0,,sample
43,2026-05-11T14:30,0,,sample
43,2026-05-11T15:30,1,45,sample
43,2026-05-11T16:30,1,90,sample
43,2026-05-11T17:30,0,,sample
43,2026-05-12T08:30,0,,sample
43,2026-05-12T09:30,0,,sample
43,2026-05-12T10:30,0,,sample
43,2026-05-12T11:30,1,30,sample
43,2026-05-12T12:30,1,15,sample
43,2026-05-12T13:30,1,30,sample
43,2026-05-12T14:30,0,,sample
43,2026-05-12T15:30,0,,sample
43,2026-05-12T16:30,0,,sample
43,2026-05-12T17:30,0,,sample
43,2026-05-13T08:30,1,60,sample
43,2026-05-13T09:30,0,,sample
43,2026-05-13T10:30,0,,sample
43,2026-05-13T11:30,0,,sample
43,2026-05-13T12:30,0,,sample
43,2026-05-13T13:30,0,,sample
43,2026-05-13T14:30,1,15,sample
43,2026-05-13T15:30,0,,sample
43,2026-05-13T16:30,0,,sample
43,2026-05-13T17:30,1,45,sample
43,2026-05-14T08:30,0,,sample
43,2026-05-14T09:30,0,,sample
43,2026-05-14T10:30,1,90,sample
43,2026-05-14T11:30,1,60,sample
43,2026-05-14T12:30,0,,sample
43,2026-05-14T13:30,0,,sample
43,2026-05-14T14:30,0,,sample
43,2026-05-14T15:30,0,,sample
43,2026-05-14T16:30,1,15,sample
43,2026-05-14T17:30,0,,sample
43,2026-05-15T08:30,0,,sample
43,2026-05-15T09:30,0,,sample
43,2026-05-15T10:30,0,,sample
43,2026-05-15T11:30,0,,sample
43,2026-05-15T12:30,0,,sample
43,2026-05-15T13:30,0,,sample
43,2026-05-15T14:30,1,30,sample
43,2026-05-15T15:30,0,,sample
43,2026-05-15T16:30,0,,sample
43,2026-05-15T17:30,0,,sample
43,2026-05-18T08:30,0,,sample
43,2026-05-18T09:30,0,,sample
43,2026-05-18T10:30,0,,sample
43,2026-05-18T11:30,1,90,sample
43,2026-05-18T12:30,1,90,sample
43,2026-05-18T13:30,1,45,sample
43,2026-05-18T14:30,1,30,sample
43,2026-05-18T15:30,0,,sample
43,2026-05-18T16:30,0,,sample
43,2026-05-18T17:30,0,,sample
43,2026-05-19T08:30,0,,sample
43,2026-05-19T09:30,0,,sample
43,2026-05-19T10:30,1,45,sample
43,2026-05-19T11:30,0,,sample
43,2026-05-19T12:30,1,45,sample
43,2026-05-19T13:30,0,,sample
43,2026-05-19T14:30,1,30,sample
43,2026-05-19T15:30,1,15,sample
43,2026-05-19T16:30,0,,sample
43,2026-05-19T17:30,0,,sample
43,2026-05-20T08:30,0,,sample
43,2026-05-20T09:30,1,30,sample
43,2026-05-20T10:30,1,30,sample
43,2026-05-20T11:30,1,30,sample
43,2026-05-20T12:30,0,,sample
43,2026-05-20T13:30,0,,sample
43,2026-05-20T14:30,1,90,sample
43,2026-05-20T15:30,1,60,sample
43,2026-05-20T16:30,0,,sample
43,2026-05-20T17:30,1,30,sample
43,2026-05-21T08:30,0,,sample
43,2026-05-21T09:30,0,,sample
43,2026-05-21T10:30,1,60,sample
43,2026-05-21T11:30,0,,sample
43,2026-05-21T12:30,0,,sample
43,2026-05-21T13:30,0,,sample
43,2026-05-21T14:30,1,30,sample
43,2026-05-21T15:30,0,,sample
43,2026-05-21T16:30,0,,sample
43,2026-05-21T17:30,0,,sample
43,2026-05-22T08:30,1,90,sample
43,2026-05-22T09:30,1,30,sample
43,2026-05-22T10:30,1,30,sample
43,2026-05-22T11:30,0,,sample
43,2026-05-22T12:30,1,60,sample
43,2026-05-22T13:30,0,,sample
43,2026-05-22T14:30,1,15,sample
43,2026-05-22T15:30,0,,sample
43,2026-05-22T16:30,0,,sample
43,2026-05-22T17:30,1,30,sample
44,2026-05-04T08:30,0,,sample
44,2026-05-04T09:30,0,,sample
44,2026-05-04T10:30,0,,sample
44,2026-05-04T11:30,0,,sample
44,2026-05-04T12:30,0,,sample
44,2026-05-04T13:30,0,,sample
44,2026-05-04T14:30,0,,sample
44,2026-05-04T15:30,0,,sample
44,2026-05-04T16:30,1,15,sample
44,2026-05-04T17:30,0,,sample
44,2026-05-05T08:30,0,,sample
44,2026-05-05T09:30,0,,sample
44,2026-05-05T10:30,1,60,sample
44,2026-05-05T11:30,1,15,sample
44,2026-05-05T12:30,0,,sample
44,2026-05-05T13:30,1,90,sample
44,2026-05-05T14:30,1,60,sample
44,2026-05-05T15:30,0,,sample
44,2026-05-05T16:30,1,15,sample
44,2026-05-05T17:30,0,,sample
44,2026-05-06T08:30,0,,sample
44,2026-05-06T09:30,1,30,sample
44,2026-05-06T10:30,0,,sample
44,2026-05-06T11:30,1,60,sample
44,2026-05-06T12:30,1,45,sample
44,2026-05-06T13:30,0,,sample
44,2026-05-06T14:30,0,,sample
44,2026-05-06T15:30,0,,sample
44,2026-05-06T16:30,0,,sample
44,2026-05-06T17:30,1,15,sample
44,2026-05-07T08:30,0,,sample
44,2026-05-07T09:30,1,60,sample
44,2026-05-07T10:30,0,,sample
44,2026-05-07T11:30,1,15,sample
44,2026-05-07T12:30,0,,sample
44,2026-05-07T13:30,1,60,sample
44,2026-05-07T14:30,0,,sample
44,2026-05-07T15:30,0,,sample
44,2026-05-07T16:30,0,,sample
44,2026-05-07T17:30,0,,sample
44,2026-05-08T08:30,0,,sample
44,2026-05-08T09:30,1,60,sample
44,2026-05-08T10:30,0,,sample
44,2026-05-08T11:30,0,,sample
44,2026-05-08T12:30,1,45,sample
44,2026-05-08T13:30,0,,sample
44,2026-05-08T14:30,0,,sample
44,2026-05-08T15:30,0,,sample
44,2026-05-08T16:30,0,,sample
44,2026-05-08T17:30,1,30,sample
44,2026-05-11T08:30,1,60,sample
44,2026-05-11T09:30,0,,sample
44,2026-05-11T10:30,0,,sample
44,2026-05-11T11:30,1,15,sample
44,2026-05-11T12:30,0,,sample
44,2026-05-11T13:30,0,,sample
44,2026-05-11T14:30,1,30,sample
44,2026-05-11T15:30,0,,sample
44,2026-05-11T16:30,0,,sample
44,2026-05-11T17:30,0,,sample
44,2026-05-12T08:30,0,,sample
44,2026-05-12T09:30,1,45,sample
44,2026-05-12T10:30,1,90,sample
44,2026-05-12T11:30,0,,sample
44,2026-05-12T12:30,1,15,sample
44,2026-05-12T13:30,1,60,sample
44,2026-05-12T14:30,0,,sample
44,2026-05-12T15:30,1,45,sample
44,2026-05-12T16:30,0,,sample
44,2026-05-12T17:30,0,,sample
44,2026-05-13T08:30,0,,sample
44,2026-05-13T09:30,1,15,sample
44,2026-05-13T10:30,0,,sample
44,2026-05-13T11:30,0,,sample
44,2026-05-13T12:30,0,,sample
44,2026-05-13T13:30,0,,sample
44,2026-05-13T14:30,0,,sample
44,2026-05-13T15:30,1,30,sample
44,2026-05-13T16:30,0,,sample
44,2026-05-13T17:30,0,,sample
44,2026-05-14T08:30,0,,sample
44,2026-05-14T09:30,1,90,sample
44,2026-05-14T10:30,0,,sample
44,2026-05-14T11:30,0,,sample
44,2026-05-14T12:30,0,,sample
44,2026-05-14T13:30,0,,sample
44,2026-05-14T14:30,0,,sample
44,2026-05-14T15:30,0,,sample
44,2026-05-14T16:30,0,,sample
44,2026-05-14T17:30,1,15,sample
44,2026-05-15T08:30,0,,sample
44,2026-05-15T09:30,1,60,sample
44,2026-05-15T10:30,0,,sample
44,2026-05-15T11:30,1,90,sample
44,2026-05-15T12:30,0,,sample
44,2026-05-15T13:30,0,,sample
44,2026-05-15T14:30,0,,sample
44,2026-05-15T15:30,0,,sample
44,2026-05-15T16:30,0,,sample
44,2026-05-15T17:30,0,,sample
44,2026-05-18T08:30,0,,sample
44,2026-05-18T09:30,1,30,sample
44,2026-05-18T10:30,1,45,sample
44,2026-05-18T11:30,0,,sample
44,2026-05-18T12:30,0,,sample
44,2026-05-18T13:30,1,30,sample
44,2026-05-18T14:30,0,,sample
44,2026-05-18T15:30,1,60,sample
44,2026-05-18T16:30,0,,sample
44,2026-05-18T17:30,0,,sample
44,2026-05-19T08:30,0,,sample
44,2026-05-19T09:30,1,15,sample
44,2026-05-19T10:30,1,45,sample
44,2026-05-19T11:30,0,,sample
44,2026-05-19T12:30,1,60,sample
44,2026-05-19T13:30,0,,sample
44,2026-05-19T14:30,0,,sample
44,2026-05-19T15:30,1,30,sample
44,2026-05-19T16:30,1,15,sample
44,2026-05-19T17:30,0,,sample
44,2026-05-20T08:30,0,,sample
44,2026-05-20T09:30,0,,sample
44,2026-05-20T10:30,0,,sample
44,2026-05-20T11:30,0,,sample
44,2026-05-20T12:30,1,30,sample
44,2026-05-20T13:30,0,,sample
44,2026-05-20T14:30,0,,sample
44,2026-05-20T15:30,1,90,sample
44,2026-05-20T16:30,1,30,sample
44,2026-05-20T17:30,0,,sample
44,2026-05-21T08:30,0,,sample
44,2026-05-21T09:30,1,30,sample
44,2026-05-21T10:30,1,60,sample
44,2026-05-21T11:30,0,,sample
44,2026-05-21T12:30,1,30,sample
44,2026-05-21T13:30,1,60,sample
44,2026-05-21T14:30,0,,sample
44,2026-05-21T15:30,1,45,sample
44,2026-05-21T16:30,1,30,sample
44,2026-05-21T17:30,0,,sample
44,2026-05-22T08:30,1,30,sample
44,2026-05-22T09:30,0,,sample
44,2026-05-22T10:30,0,,sample
44,2026-05-22T11:30,0,,sample
44,2026-05-22T12:30,0,,sample
44,2026-05-22T13:30,0,,sample
44,2026-05-22T14:30,0,,sample
44,2026-05-22T15:30,0,,sample
44,2026-05-22T16:30,1,45,sample
44,2026-05-22T17:30,0,,sample
45,2026-05-04T08:30,1,120,sample
45,2026-05-04T09:30,0,,sample
45,2026-05-04T10:30,1,120,sample
45,2026-05-04T11:30,1,45,sample
45,2026-05-04T12:30,1,45,sample
45,2026-05-04T13:30,0,,sample
45,2026-05-04T14:30,0,,sample
45,2026-05-04T15:30,0,,sample
45,2026-05-04T16:30,0,,sample
45,2026-05-04T17:30,0,,sample
45,2026-05-05T08:30,1,120,sample
45,2026-05-05T09:30,1,90,sample
45,2026-05-05T10:30,0,,sample
45,2026-05-05T11:30,0,,sample
45,2026-05-05T12:30,1,60,sample
45,2026-05-05T13:30,0,,sample
45,2026-05-05T14:30,1,30,sample
45,2026-05-05T15:30,1,90,sample
45,2026-05-05T16:30,1,90,sample
45,2026-05-05T17:30,0,,sample
45,2026-05-06T08:30,1,45,sample
45,2026-05-06T09:30,1,30,sample
45,2026-05-06T10:30,1,60,sample
45,2026-05-06T11:30,1,90,sample
45,2026-05-06T12:30,0,,sample
45,2026-05-06T13:30,1,90,sample
45,2026-05-06T14:30,1,120,sample
45,2026-05-06T15:30,0,,sample
45,2026-05-06T16:30,1,30,sample
45,2026-05-06T17:30,0,,sample
45,2026-05-07T08:30,1,60,sample
45,2026-05-07T09:30,1,45,sample
45,2026-05-07T10:30,1,60,sample
45,2026-05-07T11:30,1,60,sample
45,2026-05-07T12:30,1,120,sample
45,2026-05-07T13:30,0,,sample
45,2026-05-07T14:30,1,45,sample
45,2026-05-07T15:30,1,60,sample
45,2026-05-07T16:30,1,30,sample
45,2026-05-07T17:30,0,,sample
45,2026-05-08T08:30,1,90,sample
45,2026-05-08T09:30,1,120,sample
45,2026-05-08T10:30,0,,sample
45,2026-05-08T11:30,0,,sample
45,2026-05-08T12:30,1,30,sample
45,2026-05-08T13:30,1,120,sample
45,2026-05-08T14:30,1,30,sample
45,2026-05-08T15:30,1,120,sample
45,2026-05-08T16:30,0,,sample
45,2026-05-08T17:30,0,,sample
45,2026-05-11T08:30,0,,sample
45,2026-05-11T09:30,1,45,sample
45,2026-05-11T10:30,1,90,sample
45,2026-05-11T11:30,1,30,sample
45,2026-05-11T12:30,1,30,sample
45,2026-05-11T13:30,1,30,sample
45,2026-05-11T14:30,1,60,sample
45,2026-05-11T15:30,1,30,sample
45,2026-05-11T16:30,1,30,sample
45,2026-05-11T17:30,1,30,sample
45,2026-05-12T08:30,1,60,sample
45,2026-05-12T09:30,0,,sample
45,2026-05-12T10:30,1,45,sample
45,2026-05-12T11:30,1,45,sample
45,2026-05-12T12:30,1,60,sample
45,2026-05-12T13:30,1,120,sample
45,2026-05-12T14:30,1,120,sample
45,2026-05-12T15:30,1,30,sample
45,2026-05-12T16:30,0,,sample
45,2026-05-12T17:30,0,,sample
45,2026-05-13T08:30,0,,sample
45,2026-05-13T09:30,0,,sample
45,2026-05-13T10:30,1,120,sample
45,2026-05-13T11:30,1,60,sample
45,2026-05-13T12:30,1,30,sample
45,2026-05-13T13:30,1,90,sample
45,2026-05-13T14:30,1,30,sample
45,2026-05-13T15:30,1,60,sample
45,2026-05-13T16:30,0,,sample
45,2026-05-13T17:30,0,,sample
45,2026-05-14T08:30,0,,sample
45,2026-05-14T09:30,1,45,sample
45,2026-05-14T10:30,1,60,sample
45,2026-05-14T11:30,1,30,sample
45,2026-05-14T12:30,1,30,sample
45,2026-05-14T13:30,1,60,sample
45,2026-05-14T14:30,1,45,sample
45,2026-05-14T15:30,1,120,sample
45,2026-05-14T16:30,1,60,sample
45,2026-05-14T17:30,0,,sample
45,2026-05-15T08:30,0,,sample
45,2026-05-15T09:30,0,,sample
45,2026-05-15T10:30,1,30,sample
45,2026-05-15T11:30,1,45,sample
45,2026-05-15T12:30,1,120,sample
45,2026-05-15T13:30,0,,sample
45,2026-05-15T14:30,0,,sample
45,2026-05-15T15:30,0,,sample
45,2026-05-15T16:30,1,60,sample
45,2026-05-15T17:30,0,,sample
45,2026-05-18T08:30,0,,sample
45,2026-05-18T09:30,1,30,sample
45,2026-05-18T10:30,0,,sample
45,2026-05-18T11:30,0,,sample
45,2026-05-18T12:30,1,30,sample
45,2026-05-18T13:30,1,60,sample
45,2026-05-18T14:30,0,,sample
45,2026-05-18T15:30,1,30,sample
45,2026-05-18T16:30,1,30,sample
45,2026-05-18T17:30,0,,sample
45,2026-05-19T08:30,0,,sample
45,2026-05-19T09:30,1,90,sample
45,2026-05-19T10:30,1,90,sample
45,2026-05-19T11:30,1,60,sample
45,2026-05-19T12:30,1,60,sample
45,2026-05-19T13:30,1,60,sample
45,2026-05-19T14:30,1,120,sample
45,2026-05-19T15:30,0,,sample
45,2026-05-19T16:30,0,,sample
45,2026-05-19T17:30,0,,sample
45,2026-05-20T08:30,1,90,sample
45,2026-05-20T09:30,1,90,sample
45,2026-05-20T10:30,1,90,sample
45,2026-05-20T11:30,1,60,sample
45,2026-05-20T12:30,0,,sample
45,2026-05-20T13:30,1,45,sample
45,2026-05-20T14:30,1,30,sample
45,2026-05-20T15:30,1,60,sample
45,2026-05-20T16:30,1,60,sample
45,2026-05-20T17:30,1,30,sample
45,2026-05-21T08:30,0,,sample
45,2026-05-21T09:30,0,,sample
45,2026-05-21T10:30,1,45,sample
45,2026-05-21T11:30,0,,sample
45,2026-05-21T12:30,1,60,sample
45,2026-05-21T13:30,1,45,sample
45,2026-05-21T14:30,1,60,sample
45,2026-05-21T15:30,1,30,sample
45,2026-05-21T16:30,1,15,sample
45,2026-05-21T17:30,1,60,sample
45,2026-05-22T08:30,1,60,sample
45,2026-05-22T09:30,1,60,sample
45,2026-05-22T10:30,1,90,sample
45,2026-05-22T11:30,0,,sample
45,2026-05-22T12:30,1,90,sample
45,2026-05-22T13:30,1,90,sample
45,2026-05-22T14:30,1,60,sample
45,2026-05-22T15:30,1,60,sample
45,2026-05-22T16:30,1,45,sample
45,2026-05-22T17:30,0,,sample
46,2026-05-04T08:30,0,,sample
46,2026-05-04T09:30,1,45,sample
46,2026-05-04T10:30,1,90,sample
46,2026-05-04T11:30,1,30,sample
46,2026-05-04T12:30,0,,sample
46,2026-05-04T13:30,0,,sample
46,2026-05-04T14:30,1,60,sample
46,2026-05-04T15:30,0,,sample
46,2026-05-04T16:30,1,90,sample
46,2026-05-04T17:30,1,60,sample
46,2026-05-05T08:30,1,120,sample
46,2026-05-05T09:30,1,120,sample
46,2026-05-05T10:30,1,120,sample
46,2026-05-05T11:30,0,,sample
46,2026-05-05T12:30,1,45,sample
46,2026-05-05T13:30,1,60,sample
46,2026-05-05T14:30,1,90,sample
46,2026-05-05T15:30,0,,sample
46,2026-05-05T16:30,1,45,sample
46,2026-05-05T17:30,1,15,sample
46,2026-05-06T08:30,1,45,sample
46,2026-05-06T09:30,1,30,sample
46,2026-05-06T10:30,1,45,sample
46,2026-05-06T11:30,0,,sample
46,2026-05-06T12:30,0,,sample
46,2026-05-06T13:30,1,30,sample
46,2026-05-06T14:30,0,,sample
46,2026-05-06T15:30,1,120,sample
46,2026-05-06T16:30,1,30,sample
46,2026-05-06T17:30,1,45,sample
46,2026-05-07T08:30,1,60,sample
46,2026-05-07T09:30,1,90,sample
46,2026-05-07T10:30,1,30,sample
46,2026-05-07T11:30,1,60,sample
46,2026-05-07T12:30,0,,sample
46,2026-05-07T13:30,0,,sample
46,2026-05-07T14:30,1,60,sample
46,2026-05-07T15:30,0,,sample
46,2026-05-07T16:30,1,30,sample
46,2026-05-07T17:30,0,,sample
46,2026-05-08T08:30,1,30,sample
46,2026-05-08T09:30,0,,sample
46,2026-05-08T10:30,1,120,sample
46,2026-05-08T11:30,0,,sample
46,2026-05-08T12:30,0,,sample
46,2026-05-08T13:30,1,60,sample
46,2026-05-08T14:30,1,60,sample
46,2026-05-08T15:30,0,,sample
46,2026-05-08T16:30,0,,sample
46,2026-05-08T17:30,1,30,sample
46,2026-05-11T08:30,0,,sample
46,2026-05-11T09:30,0,,sample
46,2026-05-11T10:30,0,,sample
46,2026-05-11T11:30,1,60,sample
46,2026-05-11T12:30,0,,sample
46,2026-05-11T13:30,1,60,sample
46,2026-05-11T14:30,1,120,sample
46,2026-05-11T15:30,1,30,sample
46,2026-05-11T16:30,1,60,sample
46,2026-05-11T17:30,0,,sample
46,2026-05-12T08:30,0,,sample
46,2026-05-12T09:30,1,120,sample
46,2026-05-12T10:30,1,60,sample
46,2026-05-12T11:30,1,90,sample
46,2026-05-12T12:30,0,,sample
46,2026-05-12T13:30,1,90,sample
46,2026-05-12T14:30,1,90,sample
46,2026-05-12T15:30,1,60,sample
46,2026-05-12T16:30,1,60,sample
46,2026-05-12T17:30,1,30,sample
46,2026-05-13T08:30,0,,sample
46,2026-05-13T09:30,1,30,sample
46,2026-05-13T10:30,0,,sample
46,2026-05-13T11:30,1,120,sample
46,2026-05-13T12:30,0,,sample
46,2026-05-13T13:30,0,,sample
46,2026-05-13T14:30,1,60,sample
46,2026-05-13T15:30,1,30,sample
46,2026-05-13T16:30,0,,sample
46,2026-05-13T17:30,1,60,sample
46,2026-05-14T08:30,1,60,sample
46,2026-05-14T09:30,0,,sample
46,2026-05-14T10:30,1,45,sample
46,2026-05-14T11:30,1,90,sample
46,2026-05-14T12:30,0,,sample
46,2026-05-14T13:30,1,30,sample
46,2026-05-14T14:30,1,45,sample
46,2026-05-14T15:30,1,45,sample
46,2026-05-14T16:30,1,60,sample
46,2026-05-14T17:30,0,,sample
46,2026-05-15T08:30,1,30,sample
46,2026-05-15T09:30,0,,sample
46,2026-05-15T10:30,1,60,sample
46,2026-05-15T11:30,0,,sample
46,2026-05-15T12:30,0,,sample
46,2026-05-15T13:30,1,90,sample
46,2026-05-15T14:30,1,45,sample
46,2026-05-15T15:30,1,60,sample
46,2026-05-15T16:30,1,60,sample
46,2026-05-15T17:30,1,15,sample
46,2026-05-18T08:30,1,30,sample
46,2026-05-18T09:30,0,,sample
46,2026-05-18T10:30,1,60,sample
46,2026-05-18T11:30,1,45,sample
46,2026-05-18T12:30,1,45,sample
46,2026-05-18T13:30,1,120,sample
46,2026-05-18T14:30,1,60,sample
46,2026-05-18T15:30,1,60,sample
46,2026-05-18T16:30,1,45,sample
46,2026-05-18T17:30,1,30,sample
46,2026-05-19T08:30,0,,sample
46,2026-05-19T09:30,1,120,sample
46,2026-05-19T10:30,1,45,sample
46,2026-05-19T11:30,0,,sample
46,2026-05-19T12:30,0,,sample
46,2026-05-19T13:30,1,60,sample
46,2026-05-19T14:30,1,120,sample
46,2026-05-19T15:30,1,60,sample
46,2026-05-19T16:30,1,30,sample
46,2026-05-19T17:30,1,90,sample
46,2026-05-20T08:30,0,,sample
46,2026-05-20T09:30,1,30,sample
46,2026-05-20T10:30,0,,sample
46,2026-05-20T11:30,1,45,sample
46,2026-05-20T12:30,1,60,sample
46,2026-05-20T13:30,1,45,sample
46,2026-05-20T14:30,0,,sample
46,2026-05-20T15:30,1,45,sample
46,2026-05-20T16:30,0,,sample
46,2026-05-20T17:30,0,,sample
46,2026-05-21T08:30,1,60,sample
46,2026-05-21T09:30,1,60,sample
46,2026-05-21T10:30,0,,sample
46,2026-05-21T11:30,1,60,sample
46,2026-05-21T12:30,1,45,sample
46,2026-05-21T13:30,1,45,sample
46,2026-05-21T14:30,1,90,sample
46,2026-05-21T15:30,0,,sample
46,2026-05-21T16:30,1,90,sample
46,2026-05-21T17:30,0,,sample
46,2026-05-22T08:30,1,120,sample
46,2026-05-22T09:30,1,120,sample
46,2026-05-22T10:30,1,60,sample
46,2026-05-22T11:30,1,30,sample
46,2026-05-22T12:30,0,,sample
46,2026-05-22T13:30,1,45,sample
46,2026-05-22T14:30,1,60,sample
46,2026-05-22T15:30,1,45,sample
46,2026-05-22T16:30,0,,sample
46,2026-05-22T17:30,1,15,sample
47,2026-05-04T08:30,0,,sample
47,2026-05-04T09:30,1,90,sample
47,2026-05-04T10:30,1,60,sample
47,2026-05-04T11:30,1,60,sample
47,2026-05-04T12:30,1,60,sample
47,2026-05-04T13:30,0,,sample
47,2026-05-04T14:30,1,60,sample
47,2026-05-04T15:30,1,60,sample
47,2026-05-04T16:30,1,45,sample
47,2026-05-04T17:30,0,,sample
47,2026-05-05T08:30,1,30,sample
47,2026-05-05T09:30,0,,sample
47,2026-05-05T10:30,1,90,sample
47,2026-05-05T11:30,1,60,sample
47,2026-05-05T12:30,1,90,sample
47,2026-05-05T13:30,1,30,sample
47,2026-05-05T14:30,1,30,sample
47,2026-05-05T15:30,1,90,sample
47,2026-05-05T16:30,1,15,sample
47,2026-05-05T17:30,0,,sample
47,2026-05-06T08:30,0,,sample
47,2026-05-06T09:30,1,60,sample
47,2026-05-06T10:30,1,60,sample
47,2026-05-06T11:30,1,30,sample
47,2026-05-06T12:30,0,,sample
47,2026-05-06T13:30,1,15,sample
47,2026-05-06T14:30,1,45,sample
47,2026-05-06T15:30,0,,sample
47,2026-05-06T16:30,0,,sample
47,2026-05-06T17:30,0,,sample
47,2026-05-07T08:30,0,,sample
47,2026-05-07T09:30,1,45,sample
47,2026-05-07T10:30,1,60,sample
47,2026-05-07T11:30,1,15,sample
47,2026-05-07T12:30,0,,sample
47,2026-05-07T13:30,1,15,sample
47,2026-05-07T14:30,0,,sample
47,2026-05-07T15:30,0,,sample
47,2026-05-07T16:30,0,,sample
47,2026-05-07T17:30,0,,sample
47,2026-05-08T08:30,1,45,sample
47,2026-05-08T09:30,1,45,sample
47,2026-05-08T10:30,0,,sample
47,2026-05-08T11:30,0,,sample
47,2026-05-08T12:30,0,,sample
47,2026-05-08T13:30,0,,sample
47,2026-05-08T14:30,0,,sample
47,2026-05-08T15:30,0,,sample
47,2026-05-08T16:30,1,90,sample
47,2026-05-08T17:30,0,,sample
47,2026-05-11T08:30,0,,sample
47,2026-05-11T09:30,1,90,sample
47,2026-05-11T10:30,1,30,sample
47,2026-05-11T11:30,1,30,sample
47,2026-05-11T12:30,1,30,sample
47,2026-05-11T13:30,0,,sample
47,2026-05-11T14:30,1,30,sample
47,2026-05-11T15:30,0,,sample
47,2026-05-11T16:30,1,30,sample
47,2026-05-11T17:30,0,,sample
47,2026-05-12T08:30,0,,sample
47,2026-05-12T09:30,1,30,sample
47,2026-05-12T10:30,1,45,sample
47,2026-05-12T11:30,1,30,sample
47,2026-05-12T12:30,0,,sample
47,2026-05-12T13:30,0,,sample
47,2026-05-12T14:30,1,15,sample
47,2026-05-12T15:30,1,30,sample
47,2026-05-12T16:30,1,90,sample
47,2026-05-12T17:30,1,90,sample
47,2026-05-13T08:30,0,,sample
47,2026-05-13T09:30,0,,sample
47,2026-05-13T10:30,1,15,sample
47,2026-05-13T11:30,1,30,sample
47,2026-05-13T12:30,1,90,sample
47,2026-05-13T13:30,1,15,sample
47,2026-05-13T14:30,0,,sample
47,2026-05-13T15:30,0,,sample
47,2026-05-13T16:30,0,,sample
47,2026-05-13T17:30,0,,sample
47,2026-05-14T08:30,1,60,sample
47,2026-05-14T09:30,1,15,sample
47,2026-05-14T10:30,1,15,sample
47,2026-05-14T11:30,1,60,sample
47,2026-05-14T12:30,0,,sample
47,2026-05-14T13:30,0,,sample
47,2026-05-14T14:30,0,,sample
47,2026-05-14T15:30,1,45,sample
47,2026-05-14T16:30,1,30,sample
47,2026-05-14T17:30,0,,sample
47,2026-05-15T08:30,0,,sample
47,2026-05-15T09:30,0,,sample
47,2026-05-15T10:30,1,15,sample
47,2026-05-15T11:30,0,,sample
47,2026-05-15T12:30,0,,sample
47,2026-05-15T13:30,0,,sample
47,2026-05-15T14:30,1,30,sample
47,2026-05-15T15:30,1,60,sample
47,2026-05-15T16:30,1,30,sample
47,2026-05-15T17:30,0,,sample
47,2026-05-18T08:30,0,,sample
47,2026-05-18T09:30,0,,sample
47,2026-05-18T10:30,0,,sample
47,2026-05-18T11:30,0,,sample
47,2026-05-18T12:30,0,,sample
47,2026-05-18T13:30,1,15,sample
47,2026-05-18T14:30,1,30,sample
47,2026-05-18T15:30,1,90,sample
47,2026-05-18T16:30,0,,sample
47,2026-05-18T17:30,1,90,sample
47,2026-05-19T08:30,1,60,sample
47,2026-05-19T09:30,1,60,sample
47,2026-05-19T10:30,1,15,sample
47,2026-05-19T11:30,0,,sample
47,2026-05-19T12:30,0,,sample
47,2026-05-19T13:30,1,15,sample
47,2026-05-19T14:30,1,60,sample
47,2026-05-19T15:30,0,,sample
47,2026-05-19T16:30,1,30,sample
47,2026-05-19T17:30,0,,sample
47,2026-05-20T08:30,0,,sample
47,2026-05-20T09:30,1,60,sample
47,2026-05-20T10:30,1,60,sample
47,2026-05-20T11:30,1,30,sample
47,2026-05-20T12:30,0,,sample
47,2026-05-20T13:30,0,,sample
47,2026-05-20T14:30,1,60,sample
47,2026-05-20T15:30,1,90,sample
47,2026-05-20T16:30,0,,sample
47,2026-05-20T17:30,0,,sample
47,2026-05-21T08:30,0,,sample
47,2026-05-21T09:30,1,30,sample
47,2026-05-21T10:30,0,,sample
47,2026-05-21T11:30,1,15,sample
47,2026-05-21T12:30,0,,sample
47,2026-05-21T13:30,1,45,sample
47,2026-05-21T14:30,1,60,sample
47,2026-05-21T15:30,1,60,sample
47,2026-05-21T16:30,0,,sample
47,2026-05-21T17:30,1,90,sample
47,2026-05-22T08:30,0,,sample
47,2026-05-22T09:30,1,30,sample
47,2026-05-22T10:30,0,,sample
47,2026-05-22T11:30,1,30,sample
47,2026-05-22T12:30,1,60,sample
47,2026-05-22T13:30,0,,sample
47,2026-05-22T14:30,1,15,sample
47,2026-05-22T15:30,0,,sample
47,2026-05-22T16:30,0,,sample
47,2026-05-22T17:30,0,,sample
48,2026-05-04T08:30,1,90,sample
48,2026-05-04T09:30,1,120,sample
48,2026-05-04T10:30,1,120,sample
48,2026-05-04T11:30,1,90,sample
48,2026-05-04T12:30,1,45,sample
48,2026-05-04T13:30,1,120,sample
48,2026-05-04T14:30,1,60,sample
48,2026-05-04T15:30,1,45,sample
48,2026-05-04T16:30,0,,sample
48,2026-05-04T17:30,0,,sample
48,2026-05-05T08:30,0,,sample
48,2026-05-05T09:30,0,,sample
48,2026-05-05T10:30,1,30,sample
48,2026-05-05T11:30,1,30,sample
48,2026-05-05T12:30,0,,sample
48,2026-05-05T13:30,1,45,sample
48,2026-05-05T14:30,1,120,sample
48,2026-05-05T15:30,1,30,sample
48,2026-05-05T16:30,0,,sample
48,2026-05-05T17:30,0,,sample
48,2026-05-06T08:30,1,90,sample
48,2026-05-06T09:30,1,90,sample
48,2026-05-06T10:30,1,45,sample
48,2026-05-06T11:30,1,60,sample
48,2026-05-06T12:30,1,45,sample
48,2026-05-06T13:30,0,,sample
48,2026-05-06T14:30,1,90,sample
48,2026-05-06T15:30,1,30,sample
48,2026-05-06T16:30,1,15,sample
48,2026-05-06T17:30,1,60,sample
48,2026-05-07T08:30,1,30,sample
48,2026-05-07T09:30,1,60,sample
48,2026-05-07T10:30,1,45,sample
48,2026-05-07T11:30,1,30,sample
48,2026-05-07T12:30,0,,sample
48,2026-05-07T13:30,1,30,sample
48,2026-05-07T14:30,1,45,sample
48,2026-05-07T15:30,1,60,sample
48,2026-05-07T16:30,1,45,sample
48,2026-05-07T17:30,1,30,sample
48,2026-05-08T08:30,0,,sample
48,2026-05-08T09:30,1,45,sample
48,2026-05-08T10:30,1,30,sample
48,2026-05-08T11:30,0,,sample
48,2026-05-08T12:30,1,60,sample
48,2026-05-08T13:30,1,45,sample
48,2026-05-08T14:30,1,120,sample
48,2026-05-08T15:30,1,30,sample
48,2026-05-08T16:30,0,,sample
48,2026-05-08T17:30,0,,sample
48,2026-05-11T08:30,0,,sample
48,2026-05-11T09:30,1,30,sample
48,2026-05-11T10:30,1,90,sample
48,2026-05-11T11:30,1,90,sample
48,2026-05-11T12:30,0,,sample
48,2026-05-11T13:30,0,,sample
48,2026-05-11T14:30,0,,sample
48,2026-05-11T15:30,1,120,sample
48,2026-05-11T16:30,1,30,sample
48,2026-05-11T17:30,0,,sample
48,2026-05-12T08:30,0,,sample
48,2026-05-12T09:30,0,,sample
48,2026-05-12T10:30,1,90,sample
48,2026-05-12T11:30,1,90,sample
48,2026-05-12T12:30,0,,sample
48,2026-05-12T13:30,0,,sample
48,2026-05-12T14:30,0,,sample
48,2026-05-12T15:30,0,,sample
48,2026-05-12T16:30,1,30,sample
48,2026-05-12T17:30,1,30,sample
48,2026-05-13T08:30,1,120,sample
48,2026-05-13T09:30,1,45,sample
48,2026-05-13T10:30,1,60,sample
48,2026-05-13T11:30,1,60,sample
48,2026-05-13T12:30,1,30,sample
48,2026-05-13T13:30,1,60,sample
48,2026-05-13T14:30,1,120,sample
48,2026-05-13T15:30,0,,sample
48,2026-05-13T16:30,1,15,sample
48,2026-05-13T17:30,0,,sample
48,2026-05-14T08:30,1,60,sample
48,2026-05-14T09:30,1,60,sample
48,2026-05-14T10:30,1,60,sample
48,2026-05-14T11:30,1,45,sample
48,2026-05-14T12:30,0,,sample
48,2026-05-14T13:30,1,60,sample
48,2026-05-14T14:30,1,45,sample
48,2026-05-14T15:30,1,30,sample
48,2026-05-14T16:30,0,,sample
48,2026-05-14T17:30,0,,sample
48,2026-05-15T08:30,0,,sample
48,2026-05-15T09:30,1,45,sample
48,2026-05-15T10:30,0,,sample
48,2026-05-15T11:30,0,,sample
48,2026-05-15T12:30,1,90,sample
48,2026-05-15T13:30,1,30,sample
48,2026-05-15T14:30,1,90,sample
48,2026-05-15T15:30,1,30,sample
48,2026-05-15T16:30,1,30,sample
48,2026-05-15T17:30,0,,sample
48,2026-05-18T08:30,1,60,sample
48,2026-05-18T09:30,1,60,sample
48,2026-05-18T10:30,1,60,sample
48,2026-05-18T11:30,1,120,sample
48,2026-05-18T12:30,1,90,sample
48,2026-05-18T13:30,0,,sample
48,2026-05-18T14:30,1,30,sample
48,2026-05-18T15:30,1,60,sample
48,2026-05-18T16:30,1,45,sample
48,2026-05-18T17:30,0,,sample
48,2026-05-19T08:30,1,60,sample
48,2026-05-19T09:30,1,90,sample
48,2026-05-19T10:30,1,60,sample
48,2026-05-19T11:30,0,,sample
48,2026-05-19T12:30,1,30,sample
48,2026-05-19T13:30,0,,sample
48,2026-05-19T14:30,1,60,sample
48,2026-05-19T15:30,0,,sample
48,2026-05-19T16:30,1,30,sample
48,2026-05-19T17:30,0,,sample
48,2026-05-20T08:30,1,30,sample
48,2026-05-20T09:30,1,120,sample
48,2026-05-20T10:30,1,30,sample
48,2026-05-20T11:30,1,90,sample
48,2026-05-20T12:30,0,,sample
48,2026-05-20T13:30,1,60,sample
48,2026-05-20T14:30,1,45,sample
48,2026-05-20T15:30,1,60,sample
48,2026-05-20T16:30,1,60,sample
48,2026-05-20T17:30,0,,sample
48,2026-05-21T08:30,1,60,sample
48,2026-05-21T09:30,1,60,sample
48,2026-05-21T10:30,1,60,sample
48,2026-05-21T11:30,0,,sample
48,2026-05-21T12:30,1,120,sample
48,2026-05-21T13:30,0,,sample
48,2026-05-21T14:30,1,90,sample
48,2026-05-21T15:30,0,,sample
48,2026-05-21T16:30,1,60,sample
48,2026-05-21T17:30,1,15,sample
48,2026-05-22T08:30,0,,sample
48,2026-05-22T09:30,0,,sample
48,2026-05-22T10:30,0,,sample
48,2026-05-22T11:30,0,,sample
48,2026-05-22T12:30,0,,sample
48,2026-05-22T13:30,0,,sample
48,2026-05-22T14:30,1,60,sample
48,2026-05-22T15:30,1,60,sample
48,2026-05-22T16:30,0,,sample
48,2026-05-22T17:30,1,60,sample
49,2026-05-04T08:30,1,30,sample
49,2026-05-04T09:30,1,15,sample
49,2026-05-04T10:30,1,60,sample
49,2026-05-04T11:30,0,,sample
49,2026-05-04T12:30,0,,sample
49,2026-05-04T13:30,1,15,sample
49,2026-05-04T14:30,0,,sample
49,2026-05-04T15:30,1,30,sample
49,2026-05-04T16:30,0,,sample
49,2026-05-04T17:30,1,30,sample
49,2026-05-05T08:30,0,,sample
49,2026-05-05T09:30,1,30,sample
49,2026-05-05T10:30,1,15,sample
49,2026-05-05T11:30,1,60,sample
49,2026-05-05T12:30,1,90,sample
49,2026-05-05T13:30,1,45,sample
49,2026-05-05T14:30,1,30,sample
49,2026-05-05T15:30,1,60,sample
49,2026-05-05T16:30,1,45,sample
49,2026-05-05T17:30,1,15,sample
49,2026-05-06T08:30,1,60,sample
49,2026-05-06T09:30,0,,sample
49,2026-05-06T10:30,1,30,sample
49,2026-05-06T11:30,1,15,sample
49,2026-05-06T12:30,1,60,sample
49,2026-05-06T13:30,0,,sample
49,2026-05-06T14:30,1,30,sample
49,2026-05-06T15:30,1,30,sample
49,2026-05-06T16:30,0,,sample
49,2026-05-06T17:30,1,90,sample
49,2026-05-07T08:30,0,,sample
49,2026-05-07T09:30,1,60,sample
49,2026-05-07T10:30,1,30,sample
49,2026-05-07T11:30,0,,sample
49,2026-05-07T12:30,1,30,sample
49,2026-05-07T13:30,0,,sample
49,2026-05-07T14:30,1,15,sample
49,2026-05-07T15:30,1,60,sample
49,2026-05-07T16:30,1,15,sample
49,2026-05-07T17:30,0,,sample
49,2026-05-08T08:30,1,45,sample
49,2026-05-08T09:30,0,,sample
49,2026-05-08T10:30,0,,sample
49,2026-05-08T11:30,0,,sample
49,2026-05-08T12:30,0,,sample
49,2026-05-08T13:30,1,60,sample
49,2026-05-08T14:30,0,,sample
49,2026-05-08T15:30,1,30,sample
49,2026-05-08T16:30,1,30,sample
49,2026-05-08T17:30,0,,sample
49,2026-05-11T08:30,0,,sample
49,2026-05-11T09:30,0,,sample
49,2026-05-11T10:30,0,,sample
49,2026-05-11T11:30,1,30,sample
49,2026-05-11T12:30,0,,sample
49,2026-05-11T13:30,0,,sample
49,2026-05-11T14:30,0,,sample
49,2026-05-11T15:30,1,45,sample
49,2026-05-11T16:30,0,,sample
49,2026-05-11T17:30,1,15,sample
49,2026-05-12T08:30,0,,sample
49,2026-05-12T09:30,1,30,sample
49,2026-05-12T10:30,1,60,sample
49,2026-05-12T11:30,1,30,sample
49,2026-05-12T12:30,1,60,sample
49,2026-05-12T13:30,0,,sample
49,2026-05-12T14:30,0,,sample
49,2026-05-12T15:30,1,15,sample
49,2026-05-12T16:30,0,,sample
49,2026-05-12T17:30,0,,sample
49,2026-05-13T08:30,0,,sample
49,2026-05-13T09:30,1,45,sample
49,2026-05-13T10:30,0,,sample
49,2026-05-13T11:30,1,60,sample
49,2026-05-13T12:30,0,,sample
49,2026-05-13T13:30,0,,sample
49,2026-05-13T14:30,1,90,sample
49,2026-05-13T15:30,1,15,sample
49,2026-05-13T16:30,1,30,sample
49,2026-05-13T17:30,1,30,sample
49,2026-05-14T08:30,0,,sample
49,2026-05-14T09:30,1,60,sample
49,2026-05-14T10:30,1,45,sample
49,2026-05-14T11:30,1,90,sample
49,2026-05-14T12:30,0,,sample
49,2026-05-14T13:30,1,15,sample
49,2026-05-14T14:30,1,60,sample
49,2026-05-14T15:30,1,30,sample
49,2026-05-14T16:30,1,90,sample
49,2026-05-14T17:30,1,30,sample
49,2026-05-15T08:30,0,,sample
49,2026-05-15T09:30,0,,sample
49,2026-05-15T10:30,1,90,sample
49,2026-05-15T11:30,0,,sample
49,2026-05-15T12:30,0,,sample
49,2026-05-15T13:30,0,,sample
49,2026-05-15T14:30,0,,sample
49,2026-05-15T15:30,1,30,sample
49,2026-05-15T16:30,1,30,sample
49,2026-05-15T17:30,0,,sample
49,2026-05-18T08:30,0,,sample
49,2026-05-18T09:30,1,60,sample
49,2026-05-18T10:30,1,45,sample
49,2026-05-18T11:30,1,15,sample
49,2026-05-18T12:30,0,,sample
49,2026-05-18T13:30,1,60,sample
49,2026-05-18T14:30,0,,sample
49,2026-05-18T15:30,1,30,sample
49,2026-05-18T16:30,0,,sample
49,2026-05-18T17:30,0,,sample
49,2026-05-19T08:30,1,60,sample
49,2026-05-19T09:30,0,,sample
49,2026-05-19T10:30,0,,sample
49,2026-05-19T11:30,1,60,sample
49,2026-05-19T12:30,1,30,sample
49,2026-05-19T13:30,1,30,sample
49,2026-05-19T14:30,1,15,sample
49,2026-05-19T15:30,1,60,sample
49,2026-05-19T16:30,1,90,sample
49,2026-05-19T17:30,0,,sample
49,2026-05-20T08:30,1,90,sample
49,2026-05-20T09:30,1,15,sample
49,2026-05-20T10:30,0,,sample
49,2026-05-20T11:30,1,60,sample
49,2026-05-20T12:30,0,,sample
49,2026-05-20T13:30,0,,sample
49,2026-05-20T14:30,1,30,sample
49,2026-05-20T15:30,1,45,sample
49,2026-05-20T16:30,0,,sample
49,2026-05-20T17:30,0,,sample
49,2026-05-21T08:30,1,60,sample
49,2026-05-21T09:30,1,90,sample
49,2026-05-21T10:30,1,60,sample
49,2026-05-21T11:30,1,30,sample
49,2026-05-21T12:30,1,90,sample
49,2026-05-21T13:30,1,90,sample
49,2026-05-21T14:30,1,30,sample
49,2026-05-21T15:30,1,60,sample
49,2026-05-21T16:30,0,,sample
49,2026-05-21T17:30,0,,sample
49,2026-05-22T08:30,0,,sample
49,2026-05-22T09:30,1,30,sample
49,2026-05-22T10:30,0,,sample
49,2026-05-22T11:30,0,,sample
49,2026-05-22T12:30,0,,sample
49,2026-05-22T13:30,0,,sample
49,2026-05-22T14:30,1,60,sample
49,2026-05-22T15:30,1,60,sample
49,2026-05-22T16:30,0,,sample
49,2026-05-22T17:30,0,,sample
50,2026-05-04T08:30,0,,sample
50,2026-05-04T09:30,1,60,sample
50,2026-05-04T10:30,1,60,sample
50,2026-05-04T11:30,0,,sample
50,2026-05-04T12:30,0,,sample
50,2026-05-04T13:30,1,60,sample
50,2026-05-04T14:30,1,60,sample
50,2026-05-04T15:30,1,60,sample
50,2026-05-04T16:30,1,30,sample
50,2026-05-04T17:30,0,,sample
50,2026-05-05T08:30,0,,sample
50,2026-05-05T09:30,1,60,sample
50,2026-05-05T10:30,0,,sample
50,2026-05-05T11:30,1,60,sample
50,2026-05-05T12:30,0,,sample
50,2026-05-05T13:30,0,,sample
50,2026-05-05T14:30,0,,sample
50,2026-05-05T15:30,1,60,sample
50,2026-05-05T16:30,0,,sample
50,2026-05-05T17:30,1,90,sample
50,2026-05-06T08:30,1,90,sample
50,2026-05-06T09:30,1,90,sample
50,2026-05-06T10:30,1,120,sample
50,2026-05-06T11:30,0,,sample
50,2026-05-06T12:30,1,120,sample
50,2026-05-06T13:30,1,60,sample
50,2026-05-06T14:30,0,,sample
50,2026-05-06T15:30,0,,sample
50,2026-05-06T16:30,1,30,sample
50,2026-05-06T17:30,1,90,sample
50,2026-05-07T08:30,0,,sample
50,2026-05-07T09:30,1,60,sample
50,2026-05-07T10:30,1,45,sample
50,2026-05-07T11:30,0,,sample
50,2026-05-07T12:30,1,60,sample
50,2026-05-07T13:30,1,60,sample
50,2026-05-07T14:30,1,90,sample
50,2026-05-07T15:30,1,30,sample
50,2026-05-07T16:30,0,,sample
50,2026-05-07T17:30,1,45,sample
50,2026-05-08T08:30,0,,sample
50,2026-05-08T09:30,1,60,sample
50,2026-05-08T10:30,0,,sample
50,2026-05-08T11:30,1,120,sample
50,2026-05-08T12:30,1,120,sample
50,2026-05-08T13:30,0,,sample
50,2026-05-08T14:30,1,90,sample
50,2026-05-08T15:30,0,,sample
50,2026-05-08T16:30,0,,sample
50,2026-05-08T17:30,0,,sample
50,2026-05-11T08:30,0,,sample
50,2026-05-11T09:30,1,120,sample
50,2026-05-11T10:30,1,60,sample
50,2026-05-11T11:30,1,60,sample
50,2026-05-11T12:30,1,90,sample
50,2026-05-11T13:30,1,45,sample
50,2026-05-11T14:30,1,60,sample
50,2026-05-11T15:30,0,,sample
50,2026-05-11T16:30,0,,sample
50,2026-05-11T17:30,0,,sample
50,2026-05-12T08:30,1,120,sample
50,2026-05-12T09:30,1,60,sample
50,2026-05-12T10:30,1,120,sample
50,2026-05-12T11:30,0,,sample
50,2026-05-12T12:30,1,60,sample
50,2026-05-12T13:30,1,60,sample
50,2026-05-12T14:30,0,,sample
50,2026-05-12T15:30,1,60,sample
50,2026-05-12T16:30,0,,sample
50,2026-05-12T17:30,0,,sample
50,2026-05-13T08:30,0,,sample
50,2026-05-13T09:30,0,,sample
50,2026-05-13T10:30,1,120,sample
50,2026-05-13T11:30,1,90,sample
50,2026-05-13T12:30,1,60,sample
50,2026-05-13T13:30,1,45,sample
50,2026-05-13T14:30,1,60,sample
50,2026-05-13T15:30,1,60,sample
50,2026-05-13T16:30,1,60,sample
50,2026-05-13T17:30,1,30,sample
50,2026-05-14T08:30,0,,sample
50,2026-05-14T09:30,0,,sample
50,2026-05-14T10:30,1,60,sample
50,2026-05-14T11:30,1,30,sample
50,2026-05-14T12:30,0,,sample
50,2026-05-14T13:30,1,45,sample
50,2026-05-14T14:30,1,90,sample
50,2026-05-14T15:30,1,45,sample
50,2026-05-14T16:30,1,90,sample
50,2026-05-14T17:30,1,90,sample
50,2026-05-15T08:30,0,,sample
50,2026-05-15T09:30,0,,sample
50,2026-05-15T10:30,0,,sample
50,2026-05-15T11:30,1,45,sample
50,2026-05-15T12:30,0,,sample
50,2026-05-15T13:30,0,,sample
50,2026-05-15T14:30,1,120,sample
50,2026-05-15T15:30,1,45,sample
50,2026-05-15T16:30,0,,sample
50,2026-05-15T17:30,0,,sample
50,2026-05-18T08:30,0,,sample
50,2026-05-18T09:30,0,,sample
50,2026-05-18T10:30,0,,sample
50,2026-05-18T11:30,0,,sample
50,2026-05-18T12:30,1,60,sample
50,2026-05-18T13:30,0,,sample
50,2026-05-18T14:30,1,30,sample
50,2026-05-18T15:30,1,90,sample
50,2026-05-18T16:30,0,,sample
50,2026-05-18T17:30,0,,sample
50,2026-05-19T08:30,1,120,sample
50,2026-05-19T09:30,1,30,sample
50,2026-05-19T10:30,1,45,sample
50,2026-05-19T11:30,1,120,sample
50,2026-05-19T12:30,1,90,sample
50,2026-05-19T13:30,1,120,sample
50,2026-05-19T14:30,1,30,sample
50,2026-05-19T15:30,1,45,sample
50,2026-05-19T16:30,0,,sample
50,2026-05-19T17:30,0,,sample
50,2026-05-20T08:30,0,,sample
50,2026-05-20T09:30,0,,sample
50,2026-05-20T10:30,1,90,sample
50,2026-05-20T11:30,1,60,sample
50,2026-05-20T12:30,1,120,sample
50,2026-05-20T13:30,1,45,sample
50,2026-05-20T14:30,1,60,sample
50,2026-05-20T15:30,1,90,sample
50,2026-05-20T16:30,1,45,sample
50,2026-05-20T17:30,0,,sample
50,2026-05-21T08:30,0,,sample
50,2026-05-21T09:30,0,,sample
50,2026-05-21T10:30,1,60,sample
50,2026-05-21T11:30,0,,sample
50,2026-05-21T12:30,1,120,sample
50,2026-05-21T13:30,0,,sample
50,2026-05-21T14:30,1,30,sample
50,2026-05-21T15:30,0,,sample
50,2026-05-21T16:30,1,15,sample
50,2026-05-21T17:30,0,,sample
50,2026-05-22T08:30,0,,sample
50,2026-05-22T09:30,0,,sample
50,2026-05-22T10:30,0,,sample
50,2026-05-22T11:30,0,,sample
50,2026-05-22T12:30,1,60,sample
50,2026-05-22T13:30,0,,sample
50,2026-05-22T14:30,0,,sample
50,2026-05-22T15:30,1,120,sample
50,2026-05-22T16:30,0,,sample
50,2026-05-22T17:30,1,15,sample
